CustomerAccountID,ParentAccountID,CustomerAccountName,CustomerID,IsoCurrencyCode
CA-0001,P1-Camping,Camping,CID-001,USD
CA-0002,P2-Kitchen,Kitchen,CID-001,USD
CA-0003,P1-Camping,Camping,CID-002,USD
CA-0004,P2-Kitchen,Kitchen,CID-002,USD
CA-0005,P1-Camping,Camping,CID-003,USD
CA-0006,P2-Kitchen,Kitchen,CID-003,USD
CA-0007,P1-Camping,Camping,CID-004,USD
CA-0008,P2-Kitchen,Kitchen,CID-004,USD
CA-0009,P1-Camping,Camping,CID-005,USD
CA-0010,P2-Kitchen,Kitchen,CID-005,USD
CA-0011,P1-Camping,Camping,CID-006,USD
CA-0012,P2-Kitchen,Kitchen,CID-006,USD
CA-0013,P1-Camping,Camping,CID-007,USD
CA-0014,P1-Camping,Camping,CID-008,USD
CA-0015,P2-Kitchen,Kitchen,CID-008,USD
CA-0016,P1-Camping,Camping,CID-009,USD
CA-0017,P2-Kitchen,Kitchen,CID-009,USD
CA-0018,P1-Camping,Camping,CID-010,USD
CA-0019,P2-Kitchen,Kitchen,CID-010,USD
CA-0020,P1-Camping,Camping,CID-011,USD
CA-0021,P2-Kitchen,Kitchen,CID-011,USD
CA-0022,P1-Camping,Camping,CID-012,USD
CA-0023,P2-Kitchen,Kitchen,CID-012,USD
CA-0024,P1-Camping,Camping,CID-013,USD
CA-0025,P2-Kitchen,Kitchen,CID-013,USD
CA-0026,P1-Camping,Camping,CID-014,USD
CA-0027,P2-Kitchen,Kitchen,CID-014,USD
CA-0028,P1-Camping,Camping,CID-015,USD
CA-0029,P2-Kitchen,Kitchen,CID-015,USD
CA-0030,P1-Camping,Camping,CID-016,USD
CA-0031,P2-Kitchen,Kitchen,CID-016,USD
CA-0032,P1-Camping,Camping,CID-017,USD
CA-0033,P2-Kitchen,Kitchen,CID-017,USD
CA-0034,P1-Camping,Camping,CID-018,USD
CA-0035,P1-Camping,Camping,CID-019,USD
CA-0036,P1-Camping,Camping,CID-020,USD
CA-0037,P2-Kitchen,Kitchen,CID-020,USD
CA-0038,P1-Camping,Camping,CID-021,USD
CA-0039,P2-Kitchen,Kitchen,CID-021,USD
CA-0040,P1-Camping,Camping,CID-022,USD
CA-0041,P1-Camping,Camping,CID-023,USD
CA-0042,P2-Kitchen,Kitchen,CID-023,USD
CA-0043,P1-Camping,Camping,CID-024,USD
CA-0044,P2-Kitchen,Kitchen,CID-024,USD
CA-0045,P1-Camping,Camping,CID-025,USD
CA-0046,P2-Kitchen,Kitchen,CID-026,USD
CA-0047,P1-Camping,Camping,CID-027,USD
CA-0048,P2-Kitchen,Kitchen,CID-027,USD
CA-0049,P1-Camping,Camping,CID-028,USD
CA-0050,P1-Camping,Camping,CID-029,USD
CA-0051,P2-Kitchen,Kitchen,CID-029,USD
CA-0052,P1-Camping,Camping,CID-030,USD
CA-0053,P1-Camping,Camping,CID-031,USD
CA-0054,P1-Camping,Camping,CID-032,USD
CA-0055,P2-Kitchen,Kitchen,CID-032,USD
CA-0056,P1-Camping,Camping,CID-033,USD
CA-0057,P2-Kitchen,Kitchen,CID-033,USD
CA-0058,P1-Camping,Camping,CID-034,USD
CA-0059,P2-Kitchen,Kitchen,CID-034,USD
CA-0060,P1-Camping,Camping,CID-035,USD
CA-0061,P2-Kitchen,Kitchen,CID-035,USD
CA-0062,P1-Camping,Camping,CID-036,USD
CA-0063,P2-Kitchen,Kitchen,CID-036,USD
CA-0064,P1-Camping,Camping,CID-037,USD
CA-0065,P2-Kitchen,Kitchen,CID-037,USD
CA-0066,P1-Camping,Camping,CID-038,USD
CA-0067,P2-Kitchen,Kitchen,CID-038,USD
CA-0068,P1-Camping,Camping,CID-039,USD
CA-0069,P2-Kitchen,Kitchen,CID-039,USD
CA-0070,P1-Camping,Camping,CID-040,USD
CA-0071,P2-Kitchen,Kitchen,CID-040,USD
CA-0072,P1-Camping,Camping,CID-041,USD
CA-0073,P2-Kitchen,Kitchen,CID-041,USD
CA-0074,P1-Camping,Camping,CID-042,USD
CA-0075,P2-Kitchen,Kitchen,CID-042,USD
CA-0076,P1-Camping,Camping,CID-043,USD
CA-0077,P2-Kitchen,Kitchen,CID-043,USD
CA-0078,P1-Camping,Camping,CID-044,USD
CA-0079,P2-Kitchen,Kitchen,CID-044,USD
CA-0080,P1-Camping,Camping,CID-045,USD
CA-0081,P1-Camping,Camping,CID-046,USD
CA-0082,P2-Kitchen,Kitchen,CID-046,USD
CA-0083,P1-Camping,Camping,CID-047,USD
CA-0084,P2-Kitchen,Kitchen,CID-047,USD
CA-0085,P1-Camping,Camping,CID-048,USD
CA-0086,P2-Kitchen,Kitchen,CID-048,USD
CA-0087,P1-Camping,Camping,CID-049,USD
CA-0088,P2-Kitchen,Kitchen,CID-049,USD
CA-0089,P1-Camping,Camping,CID-050,USD
CA-0090,P2-Kitchen,Kitchen,CID-050,USD
CA-0091,P1-Camping,Camping,CID-051,USD
CA-0092,P1-Camping,Camping,CID-052,USD
CA-0093,P2-Kitchen,Kitchen,CID-052,USD
CA-0094,P1-Camping,Camping,CID-053,USD
CA-0095,P2-Kitchen,Kitchen,CID-053,USD
CA-0096,P2-Kitchen,Kitchen,CID-054,USD
CA-0097,P1-Camping,Camping,CID-055,USD
CA-0098,P2-Kitchen,Kitchen,CID-055,USD
CA-0099,P1-Camping,Camping,CID-056,USD
CA-0100,P2-Kitchen,Kitchen,CID-056,USD
CA-0101,P1-Camping,Camping,CID-057,USD
CA-0102,P2-Kitchen,Kitchen,CID-057,USD
CA-0103,P1-Camping,Camping,CID-058,USD
CA-0104,P2-Kitchen,Kitchen,CID-058,USD
CA-0105,P1-Camping,Camping,CID-059,USD
CA-0106,P2-Kitchen,Kitchen,CID-059,USD
CA-0107,P2-Kitchen,Kitchen,CID-060,USD
CA-0108,P1-Camping,Camping,CID-061,USD
CA-0109,P2-Kitchen,Kitchen,CID-061,USD
CA-0110,P1-Camping,Camping,CID-062,USD
CA-0111,P2-Kitchen,Kitchen,CID-062,USD
CA-0112,P1-Camping,Camping,CID-063,USD
CA-0113,P2-Kitchen,Kitchen,CID-063,USD
CA-0114,P1-Camping,Camping,CID-064,USD
CA-0115,P1-Camping,Camping,CID-065,USD
CA-0116,P2-Kitchen,Kitchen,CID-065,USD
CA-0117,P1-Camping,Camping,CID-066,USD
CA-0118,P2-Kitchen,Kitchen,CID-066,USD
CA-0119,P1-Camping,Camping,CID-067,USD
CA-0120,P2-Kitchen,Kitchen,CID-067,USD
CA-0121,P1-Camping,Camping,CID-068,USD
CA-0122,P2-Kitchen,Kitchen,CID-068,USD
CA-0123,P1-Camping,Camping,CID-069,USD
CA-0124,P2-Kitchen,Kitchen,CID-069,USD
CA-0125,P1-Camping,Camping,CID-070,USD
CA-0126,P1-Camping,Camping,CID-071,USD
CA-0127,P2-Kitchen,Kitchen,CID-071,USD
CA-0128,P1-Camping,Camping,CID-072,USD
CA-0129,P1-Camping,Camping,CID-073,USD
CA-0130,P2-Kitchen,Kitchen,CID-073,USD
CA-0131,P1-Camping,Camping,CID-074,USD
CA-0132,P2-Kitchen,Kitchen,CID-074,USD
CA-0133,P1-Camping,Camping,CID-075,USD
CA-0134,P2-Kitchen,Kitchen,CID-075,USD
CA-0135,P1-Camping,Camping,CID-076,USD
CA-0136,P2-Kitchen,Kitchen,CID-076,USD
CA-0137,P1-Camping,Camping,CID-077,USD
CA-0138,P2-Kitchen,Kitchen,CID-077,USD
CA-0139,P1-Camping,Camping,CID-078,USD
CA-0140,P2-Kitchen,Kitchen,CID-078,USD
CA-0141,P1-Camping,Camping,CID-079,USD
CA-0142,P2-Kitchen,Kitchen,CID-079,USD
CA-0143,P1-Camping,Camping,CID-080,USD
CA-0144,P2-Kitchen,Kitchen,CID-080,USD
CA-0145,P1-Camping,Camping,CID-081,USD
CA-0146,P2-Kitchen,Kitchen,CID-082,USD
CA-0147,P1-Camping,Camping,CID-083,USD
CA-0148,P2-Kitchen,Kitchen,CID-083,USD
CA-0149,P1-Camping,Camping,CID-084,USD
CA-0150,P2-Kitchen,Kitchen,CID-084,USD
CA-0151,P1-Camping,Camping,CID-085,USD
CA-0152,P2-Kitchen,Kitchen,CID-085,USD
CA-0153,P1-Camping,Camping,CID-086,USD
CA-0154,P2-Kitchen,Kitchen,CID-086,USD
CA-0155,P1-Camping,Camping,CID-087,USD
CA-0156,P2-Kitchen,Kitchen,CID-087,USD
CA-0157,P1-Camping,Camping,CID-088,USD
CA-0158,P2-Kitchen,Kitchen,CID-088,USD
CA-0159,P1-Camping,Camping,CID-089,USD
CA-0160,P2-Kitchen,Kitchen,CID-089,USD
CA-0161,P1-Camping,Camping,CID-090,USD
CA-0162,P2-Kitchen,Kitchen,CID-090,USD
CA-0163,P1-Camping,Camping,CID-091,USD
CA-0164,P2-Kitchen,Kitchen,CID-091,USD
CA-0165,P2-Kitchen,Kitchen,CID-092,USD
CA-0166,P1-Camping,Camping,CID-093,USD
CA-0167,P2-Kitchen,Kitchen,CID-093,USD
CA-0168,P1-Camping,Camping,CID-094,USD
CA-0169,P2-Kitchen,Kitchen,CID-094,USD
CA-0170,P1-Camping,Camping,CID-095,USD
CA-0171,P2-Kitchen,Kitchen,CID-095,USD
CA-0172,P2-Kitchen,Kitchen,CID-096,USD
CA-0173,P1-Camping,Camping,CID-097,USD
CA-0174,P2-Kitchen,Kitchen,CID-097,USD
CA-0175,P1-Camping,Camping,CID-098,USD
CA-0176,P2-Kitchen,Kitchen,CID-098,USD
CA-0177,P1-Camping,Camping,CID-099,USD
CA-0178,P2-Kitchen,Kitchen,CID-099,USD
CA-0179,P1-Camping,Camping,CID-100,USD
CA-0180,P2-Kitchen,Kitchen,CID-100,USD
CA-0181,P1-Camping,Camping,CID-101,USD
CA-0182,P2-Kitchen,Kitchen,CID-101,USD
CA-0183,P1-Camping,Camping,CID-102,USD
CA-0184,P2-Kitchen,Kitchen,CID-102,USD
CA-0185,P1-Camping,Camping,CID-103,USD
CA-0186,P2-Kitchen,Kitchen,CID-103,USD
CA-0187,P1-Camping,Camping,CID-104,USD
CA-0188,P2-Kitchen,Kitchen,CID-104,USD
CA-0189,P1-Camping,Camping,CID-105,USD
CA-0190,P2-Kitchen,Kitchen,CID-105,USD
CA-0191,P1-Camping,Camping,CID-106,USD
CA-0192,P2-Kitchen,Kitchen,CID-106,USD
CA-0193,P1-Camping,Camping,CID-107,USD
CA-0194,P2-Kitchen,Kitchen,CID-107,USD
CA-0195,P2-Kitchen,Kitchen,CID-108,USD
CA-0196,P1-Camping,Camping,CID-109,USD
CA-0197,P1-Camping,Camping,CID-110,USD
CA-0198,P2-Kitchen,Kitchen,CID-110,USD
CA-0199,P2-Kitchen,Kitchen,CID-111,USD
CA-0200,P1-Camping,Camping,CID-112,USD
CA-0201,P2-Kitchen,Kitchen,CID-112,USD
CA-0202,P1-Camping,Camping,CID-113,USD
CA-0203,P2-Kitchen,Kitchen,CID-113,USD
CA-0204,P1-Camping,Camping,CID-114,USD
CA-0205,P2-Kitchen,Kitchen,CID-114,USD
CA-0206,P1-Camping,Camping,CID-115,USD
CA-0207,P2-Kitchen,Kitchen,CID-115,USD
CA-0208,P1-Camping,Camping,CID-116,USD
CA-0209,P2-Kitchen,Kitchen,CID-116,USD
CA-0210,P1-Camping,Camping,CID-117,USD
CA-0211,P2-Kitchen,Kitchen,CID-117,USD
CA-0212,P1-Camping,Camping,CID-118,USD
CA-0213,P2-Kitchen,Kitchen,CID-118,USD
CA-0214,P1-Camping,Camping,CID-119,USD
CA-0215,P2-Kitchen,Kitchen,CID-119,USD
CA-0216,P1-Camping,Camping,CID-120,USD
CA-0217,P2-Kitchen,Kitchen,CID-120,USD
CA-0218,P1-Camping,Camping,CID-121,USD
CA-0219,P1-Camping,Camping,CID-122,USD
CA-0220,P2-Kitchen,Kitchen,CID-122,USD
CA-0221,P1-Camping,Camping,CID-123,USD
CA-0222,P2-Kitchen,Kitchen,CID-123,USD
CA-0223,P1-Camping,Camping,CID-124,USD
CA-0224,P2-Kitchen,Kitchen,CID-124,USD
CA-0225,P1-Camping,Camping,CID-125,USD
CA-0226,P2-Kitchen,Kitchen,CID-125,USD
CA-0227,P1-Camping,Camping,CID-126,USD
CA-0228,P2-Kitchen,Kitchen,CID-126,USD
CA-0229,P1-Camping,Camping,CID-127,USD
CA-0230,P1-Camping,Camping,CID-128,USD
CA-0231,P2-Kitchen,Kitchen,CID-128,USD
CA-0232,P1-Camping,Camping,CID-129,USD
CA-0233,P2-Kitchen,Kitchen,CID-129,USD
CA-0234,P1-Camping,Camping,CID-130,USD
CA-0235,P2-Kitchen,Kitchen,CID-130,USD
CA-0236,P1-Camping,Camping,CID-131,USD
CA-0237,P2-Kitchen,Kitchen,CID-131,USD
CA-0238,P1-Camping,Camping,CID-132,USD
CA-0239,P2-Kitchen,Kitchen,CID-132,USD
CA-0240,P1-Camping,Camping,CID-133,USD
CA-0241,P2-Kitchen,Kitchen,CID-133,USD
CA-0242,P1-Camping,Camping,CID-134,USD
CA-0243,P2-Kitchen,Kitchen,CID-134,USD
CA-0244,P1-Camping,Camping,CID-135,USD
CA-0245,P2-Kitchen,Kitchen,CID-135,USD
CA-0246,P1-Camping,Camping,CID-136,USD
CA-0247,P2-Kitchen,Kitchen,CID-136,USD
CA-0248,P1-Camping,Camping,CID-137,USD
CA-0249,P2-Kitchen,Kitchen,CID-137,USD
CA-0250,P1-Camping,Camping,CID-138,USD
CA-0251,P2-Kitchen,Kitchen,CID-138,USD
CA-0252,P2-Kitchen,Kitchen,CID-139,USD
CA-0253,P1-Camping,Camping,CID-140,USD
CA-0254,P2-Kitchen,Kitchen,CID-140,USD
CA-0255,P1-Camping,Camping,CID-141,USD
CA-0256,P2-Kitchen,Kitchen,CID-141,USD
CA-0257,P1-Camping,Camping,CID-142,USD
CA-0258,P2-Kitchen,Kitchen,CID-142,USD
CA-0259,P1-Camping,Camping,CID-143,USD
CA-0260,P2-Kitchen,Kitchen,CID-143,USD
CA-0261,P1-Camping,Camping,CID-144,USD
CA-0262,P2-Kitchen,Kitchen,CID-144,USD
CA-0263,P1-Camping,Camping,CID-145,USD
CA-0264,P1-Camping,Camping,CID-146,USD
CA-0265,P2-Kitchen,Kitchen,CID-146,USD
CA-0266,P1-Camping,Camping,CID-147,USD
CA-0267,P2-Kitchen,Kitchen,CID-147,USD
CA-0268,P1-Camping,Camping,CID-148,USD
CA-0269,P1-Camping,Camping,CID-149,USD
CA-0270,P2-Kitchen,Kitchen,CID-149,USD
CA-0271,P1-Camping,Camping,CID-150,USD
CA-0272,P2-Kitchen,Kitchen,CID-150,USD
CA-0273,P1-Camping,Camping,CID-151,USD
CA-0274,P2-Kitchen,Kitchen,CID-151,USD
CA-0275,P1-Camping,Camping,CID-152,USD
CA-0276,P2-Kitchen,Kitchen,CID-152,USD
CA-0277,P1-Camping,Camping,CID-153,USD
CA-0278,P2-Kitchen,Kitchen,CID-153,USD
CA-0279,P1-Camping,Camping,CID-154,USD
CA-0280,P2-Kitchen,Kitchen,CID-154,USD
CA-0281,P1-Camping,Camping,CID-155,USD
CA-0282,P1-Camping,Camping,CID-156,USD
CA-0283,P2-Kitchen,Kitchen,CID-156,USD
CA-0284,P1-Camping,Camping,CID-157,USD
CA-0285,P2-Kitchen,Kitchen,CID-157,USD
CA-0286,P1-Camping,Camping,CID-158,USD
CA-0287,P1-Camping,Camping,CID-159,USD
CA-0288,P2-Kitchen,Kitchen,CID-159,USD
CA-0289,P1-Camping,Camping,CID-160,USD
CA-0290,P2-Kitchen,Kitchen,CID-160,USD
CA-0291,P1-Camping,Camping,CID-161,USD
CA-0292,P2-Kitchen,Kitchen,CID-161,USD
CA-0293,P1-Camping,Camping,CID-162,USD
CA-0294,P2-Kitchen,Kitchen,CID-162,USD
CA-0295,P1-Camping,Camping,CID-163,USD
CA-0296,P2-Kitchen,Kitchen,CID-163,USD
CA-0297,P1-Camping,Camping,CID-164,USD
CA-0298,P1-Camping,Camping,CID-165,USD
CA-0299,P1-Camping,Camping,CID-166,USD
CA-0300,P2-Kitchen,Kitchen,CID-166,USD
CA-0301,P2-Kitchen,Kitchen,CID-167,USD
CA-0302,P2-Kitchen,Kitchen,CID-168,USD
CA-0303,P1-Camping,Camping,CID-169,USD
CA-0304,P1-Camping,Camping,CID-170,USD
CA-0305,P2-Kitchen,Kitchen,CID-170,USD
CA-0306,P1-Camping,Camping,CID-171,USD
CA-0307,P2-Kitchen,Kitchen,CID-171,USD
CA-0308,P1-Camping,Camping,CID-172,USD
CA-0309,P2-Kitchen,Kitchen,CID-172,USD
CA-0310,P1-Camping,Camping,CID-173,USD
CA-0311,P2-Kitchen,Kitchen,CID-173,USD
CA-0312,P1-Camping,Camping,CID-174,USD
CA-0313,P2-Kitchen,Kitchen,CID-174,USD
CA-0314,P1-Camping,Camping,CID-175,USD
CA-0315,P1-Camping,Camping,CID-176,USD
CA-0316,P2-Kitchen,Kitchen,CID-176,USD
CA-0317,P1-Camping,Camping,CID-177,USD
CA-0318,P2-Kitchen,Kitchen,CID-177,USD
CA-0319,P1-Camping,Camping,CID-178,USD
CA-0320,P2-Kitchen,Kitchen,CID-178,USD
CA-0321,P2-Kitchen,Kitchen,CID-179,USD
CA-0322,P1-Camping,Camping,CID-180,USD
CA-0323,P2-Kitchen,Kitchen,CID-180,USD
CA-0324,P1-Camping,Camping,CID-181,USD
CA-0325,P2-Kitchen,Kitchen,CID-181,USD
CA-0326,P1-Camping,Camping,CID-182,USD
CA-0327,P2-Kitchen,Kitchen,CID-182,USD
CA-0328,P1-Camping,Camping,CID-183,USD
CA-0329,P2-Kitchen,Kitchen,CID-183,USD
CA-0330,P1-Camping,Camping,CID-184,USD
CA-0331,P1-Camping,Camping,CID-185,USD
CA-0332,P2-Kitchen,Kitchen,CID-185,USD
CA-0333,P1-Camping,Camping,CID-186,USD
CA-0334,P2-Kitchen,Kitchen,CID-186,USD
CA-0335,P1-Camping,Camping,CID-187,USD
CA-0336,P2-Kitchen,Kitchen,CID-187,USD
CA-0337,P1-Camping,Camping,CID-188,USD
CA-0338,P2-Kitchen,Kitchen,CID-188,USD
CA-0339,P1-Camping,Camping,CID-189,USD
CA-0340,P2-Kitchen,Kitchen,CID-189,USD
CA-0341,P1-Camping,Camping,CID-190,USD
CA-0342,P1-Camping,Camping,CID-191,USD
CA-0343,P1-Camping,Camping,CID-192,USD
CA-0344,P2-Kitchen,Kitchen,CID-192,USD
CA-0345,P1-Camping,Camping,CID-193,USD
CA-0346,P2-Kitchen,Kitchen,CID-193,USD
CA-0347,P1-Camping,Camping,CID-194,USD
CA-0348,P2-Kitchen,Kitchen,CID-194,USD
CA-0349,P1-Camping,Camping,CID-195,USD
CA-0350,P2-Kitchen,Kitchen,CID-195,USD
CA-0351,P1-Camping,Camping,CID-196,USD
CA-0352,P2-Kitchen,Kitchen,CID-196,USD
CA-0353,P1-Camping,Camping,CID-197,USD
CA-0354,P1-Camping,Camping,CID-198,USD
CA-0355,P2-Kitchen,Kitchen,CID-198,USD
CA-0356,P1-Camping,Camping,CID-199,USD
CA-0357,P2-Kitchen,Kitchen,CID-199,USD
CA-0358,P1-Camping,Camping,CID-200,USD
CA-0359,P2-Kitchen,Kitchen,CID-200,USD
CA-0360,P1-Camping,Camping,CID-201,USD
CA-0361,P2-Kitchen,Kitchen,CID-201,USD
CA-0362,P1-Camping,Camping,CID-202,USD
CA-0363,P2-Kitchen,Kitchen,CID-202,USD
CA-0364,P1-Camping,Camping,CID-203,USD
CA-0365,P1-Camping,Camping,CID-204,USD
CA-0366,P2-Kitchen,Kitchen,CID-204,USD
CA-0367,P1-Camping,Camping,CID-205,USD
CA-0368,P2-Kitchen,Kitchen,CID-205,USD
CA-0369,P1-Camping,Camping,CID-206,USD
CA-0370,P2-Kitchen,Kitchen,CID-206,USD
CA-0371,P1-Camping,Camping,CID-207,USD
CA-0372,P2-Kitchen,Kitchen,CID-207,USD
CA-0373,P1-Camping,Camping,CID-208,USD
CA-0374,P2-Kitchen,Kitchen,CID-208,USD
CA-0375,P1-Camping,Camping,CID-209,USD
CA-0376,P2-Kitchen,Kitchen,CID-209,USD
CA-0377,P1-Camping,Camping,CID-210,USD
CA-0378,P2-Kitchen,Kitchen,CID-210,USD
CA-0379,P1-Camping,Camping,CID-211,USD
CA-0380,P2-Kitchen,Kitchen,CID-211,USD
CA-0381,P1-Camping,Camping,CID-212,USD
CA-0382,P2-Kitchen,Kitchen,CID-212,USD
CA-0383,P2-Kitchen,Kitchen,CID-213,USD
CA-0384,P1-Camping,Camping,CID-214,USD
CA-0385,P2-Kitchen,Kitchen,CID-214,USD
CA-0386,P1-Camping,Camping,CID-215,USD
CA-0387,P2-Kitchen,Kitchen,CID-215,USD
CA-0388,P1-Camping,Camping,CID-216,USD
CA-0389,P2-Kitchen,Kitchen,CID-216,USD
CA-0390,P2-Kitchen,Kitchen,CID-217,USD
CA-0391,P1-Camping,Camping,CID-218,USD
CA-0392,P1-Camping,Camping,CID-219,USD
CA-0393,P2-Kitchen,Kitchen,CID-219,USD
CA-0394,P2-Kitchen,Kitchen,CID-220,USD
CA-0395,P1-Camping,Camping,CID-221,USD
CA-0396,P2-Kitchen,Kitchen,CID-221,USD
CA-0397,P1-Camping,Camping,CID-222,USD
CA-0398,P1-Camping,Camping,CID-223,USD
CA-0399,P2-Kitchen,Kitchen,CID-223,USD
CA-0400,P1-Camping,Camping,CID-224,USD
CA-0401,P1-Camping,Camping,CID-225,USD
CA-0402,P2-Kitchen,Kitchen,CID-225,USD
CA-0403,P1-Camping,Camping,CID-226,USD
CA-0404,P1-Camping,Camping,CID-227,USD
CA-0405,P2-Kitchen,Kitchen,CID-227,USD
CA-0406,P1-Camping,Camping,CID-228,USD
CA-0407,P2-Kitchen,Kitchen,CID-228,USD
CA-0408,P1-Camping,Camping,CID-229,USD
CA-0409,P2-Kitchen,Kitchen,CID-229,USD
CA-0410,P1-Camping,Camping,CID-230,USD
CA-0411,P2-Kitchen,Kitchen,CID-230,USD
CA-0412,P1-Camping,Camping,CID-231,USD
CA-0413,P2-Kitchen,Kitchen,CID-231,USD
CA-0414,P1-Camping,Camping,CID-232,USD
CA-0415,P2-Kitchen,Kitchen,CID-232,USD
CA-0416,P1-Camping,Camping,CID-233,USD
CA-0417,P2-Kitchen,Kitchen,CID-233,USD
CA-0418,P1-Camping,Camping,CID-234,USD
CA-0419,P2-Kitchen,Kitchen,CID-234,USD
CA-0420,P1-Camping,Camping,CID-235,USD
CA-0421,P2-Kitchen,Kitchen,CID-235,USD
CA-0422,P1-Camping,Camping,CID-236,USD
CA-0423,P2-Kitchen,Kitchen,CID-236,USD
CA-0424,P2-Kitchen,Kitchen,CID-237,USD
CA-0425,P1-Camping,Camping,CID-238,USD
CA-0426,P2-Kitchen,Kitchen,CID-238,USD
CA-0427,P1-Camping,Camping,CID-239,USD
CA-0428,P2-Kitchen,Kitchen,CID-239,USD
CA-0429,P1-Camping,Camping,CID-240,USD
CA-0430,P2-Kitchen,Kitchen,CID-240,USD
CA-0431,P1-Camping,Camping,CID-241,USD
CA-0432,P2-Kitchen,Kitchen,CID-241,USD
CA-0433,P1-Camping,Camping,CID-242,USD
CA-0434,P2-Kitchen,Kitchen,CID-242,USD
CA-0435,P1-Camping,Camping,CID-243,USD
CA-0436,P2-Kitchen,Kitchen,CID-243,USD
CA-0437,P1-Camping,Camping,CID-244,USD
CA-0438,P2-Kitchen,Kitchen,CID-244,USD
CA-0439,P1-Camping,Camping,CID-245,USD
CA-0440,P2-Kitchen,Kitchen,CID-245,USD
CA-0441,P1-Camping,Camping,CID-246,USD
CA-0442,P2-Kitchen,Kitchen,CID-246,USD
CA-0443,P1-Camping,Camping,CID-247,USD
CA-0444,P2-Kitchen,Kitchen,CID-247,USD
CA-0445,P1-Camping,Camping,CID-248,USD
CA-0446,P2-Kitchen,Kitchen,CID-248,USD
CA-0447,P1-Camping,Camping,CID-249,USD
CA-0448,P2-Kitchen,Kitchen,CID-249,USD
CA-0449,P2-Kitchen,Kitchen,CID-250,USD
CA-0450,P1-Camping,Camping,CID-251,USD
CA-0451,P2-Kitchen,Kitchen,CID-251,USD
CA-0452,P1-Camping,Camping,CID-252,USD
CA-0453,P1-Camping,Camping,CID-253,USD
CA-0454,P2-Kitchen,Kitchen,CID-253,USD
CA-0455,P1-Camping,Camping,CID-254,USD
CA-0456,P2-Kitchen,Kitchen,CID-254,USD
CA-0457,P1-Camping,Camping,CID-255,USD
CA-0458,P2-Kitchen,Kitchen,CID-255,USD
CA-0459,P2-Kitchen,Kitchen,CID-256,USD
CA-0460,P2-Kitchen,Kitchen,CID-257,USD
CA-0461,P1-Camping,Camping,CID-258,USD
CA-0462,P2-Kitchen,Kitchen,CID-258,USD
CA-0463,P1-Camping,Camping,CID-259,USD
CA-0464,P2-Kitchen,Kitchen,CID-259,USD
CA-0465,P1-Camping,Camping,CID-260,USD
CA-0466,P2-Kitchen,Kitchen,CID-260,USD
CA-0467,P1-Camping,Camping,CID-261,USD
CA-0468,P2-Kitchen,Kitchen,CID-261,USD
CA-0469,P1-Camping,Camping,CID-262,USD
CA-0470,P1-Camping,Camping,CID-263,USD
CA-0471,P2-Kitchen,Kitchen,CID-263,USD
CA-0472,P1-Camping,Camping,CID-264,USD
CA-0473,P2-Kitchen,Kitchen,CID-264,USD
CA-0474,P2-Kitchen,Kitchen,CID-265,USD
CA-0475,P2-Kitchen,Kitchen,CID-266,USD
CA-0476,P1-Camping,Camping,CID-267,USD
CA-0477,P1-Camping,Camping,CID-268,USD
CA-0478,P2-Kitchen,Kitchen,CID-268,USD
CA-0479,P1-Camping,Camping,CID-269,USD
CA-0480,P2-Kitchen,Kitchen,CID-269,USD
CA-0481,P2-Kitchen,Kitchen,CID-270,USD
CA-0482,P2-Kitchen,Kitchen,CID-271,USD
CA-0483,P1-Camping,Camping,CID-272,USD
CA-0484,P2-Kitchen,Kitchen,CID-272,USD
CA-0485,P1-Camping,Camping,CID-273,USD
CA-0486,P2-Kitchen,Kitchen,CID-273,USD
CA-0487,P1-Camping,Camping,CID-274,USD
CA-0488,P2-Kitchen,Kitchen,CID-274,USD
CA-0489,P2-Kitchen,Kitchen,CID-275,USD
CA-0490,P1-Camping,Camping,CID-276,USD
CA-0491,P2-Kitchen,Kitchen,CID-276,USD
CA-0492,P1-Camping,Camping,CID-277,USD
CA-0493,P1-Camping,Camping,CID-278,USD
CA-0494,P2-Kitchen,Kitchen,CID-278,USD
CA-0495,P1-Camping,Camping,CID-279,USD
CA-0496,P2-Kitchen,Kitchen,CID-279,USD
CA-0497,P1-Camping,Camping,CID-280,USD
CA-0498,P2-Kitchen,Kitchen,CID-280,USD
CA-0499,P1-Camping,Camping,CID-281,USD
CA-0500,P2-Kitchen,Kitchen,CID-281,USD
CA-0501,P1-Camping,Camping,CID-282,USD
CA-0502,P2-Kitchen,Kitchen,CID-282,USD
CA-0503,P1-Camping,Camping,CID-283,USD
CA-0504,P2-Kitchen,Kitchen,CID-283,USD
CA-0505,P2-Kitchen,Kitchen,CID-284,USD
CA-0506,P1-Camping,Camping,CID-285,USD
CA-0507,P2-Kitchen,Kitchen,CID-285,USD
CA-0508,P1-Camping,Camping,CID-286,USD
CA-0509,P2-Kitchen,Kitchen,CID-286,USD
CA-0510,P1-Camping,Camping,CID-287,USD
CA-0511,P2-Kitchen,Kitchen,CID-287,USD
CA-0512,P1-Camping,Camping,CID-288,USD
CA-0513,P1-Camping,Camping,CID-289,USD
CA-0514,P1-Camping,Camping,CID-290,USD
CA-0515,P1-Camping,Camping,CID-291,USD
CA-0516,P1-Camping,Camping,CID-292,USD
CA-0517,P2-Kitchen,Kitchen,CID-292,USD
CA-0518,P1-Camping,Camping,CID-293,USD
CA-0519,P2-Kitchen,Kitchen,CID-293,USD
CA-0520,P1-Camping,Camping,CID-294,USD
CA-0521,P2-Kitchen,Kitchen,CID-294,USD
CA-0522,P1-Camping,Camping,CID-295,USD
CA-0523,P2-Kitchen,Kitchen,CID-295,USD
CA-0524,P1-Camping,Camping,CID-296,USD
CA-0525,P2-Kitchen,Kitchen,CID-296,USD
CA-0526,P1-Camping,Camping,CID-297,USD
CA-0527,P2-Kitchen,Kitchen,CID-297,USD
CA-0528,P1-Camping,Camping,CID-298,USD
CA-0529,P2-Kitchen,Kitchen,CID-298,USD
CA-0530,P1-Camping,Camping,CID-299,USD
CA-0531,P2-Kitchen,Kitchen,CID-299,USD
CA-0532,P1-Camping,Camping,CID-300,USD
CA-0533,P2-Kitchen,Kitchen,CID-300,USD
CA-0534,P1-Camping,Camping,CID-301,USD
CA-0535,P2-Kitchen,Kitchen,CID-301,USD
CA-0536,P1-Camping,Camping,CID-302,USD
CA-0537,P2-Kitchen,Kitchen,CID-302,USD
CA-0538,P1-Camping,Camping,CID-303,USD
CA-0539,P1-Camping,Camping,CID-304,USD
CA-0540,P2-Kitchen,Kitchen,CID-304,USD
CA-0541,P1-Camping,Camping,CID-305,USD
CA-0542,P2-Kitchen,Kitchen,CID-305,USD
CA-0543,P1-Camping,Camping,CID-306,USD
CA-0544,P2-Kitchen,Kitchen,CID-306,USD
CA-0545,P1-Camping,Camping,CID-307,USD
CA-0546,P2-Kitchen,Kitchen,CID-307,USD
CA-0547,P1-Camping,Camping,CID-308,USD
CA-0548,P2-Kitchen,Kitchen,CID-308,USD
CA-0549,P1-Camping,Camping,CID-309,USD
CA-0550,P2-Kitchen,Kitchen,CID-309,USD
CA-0551,P1-Camping,Camping,CID-310,USD
CA-0552,P2-Kitchen,Kitchen,CID-310,USD
CA-0553,P1-Camping,Camping,CID-311,USD
CA-0554,P2-Kitchen,Kitchen,CID-311,USD
CA-0555,P2-Kitchen,Kitchen,CID-312,USD
CA-0556,P1-Camping,Camping,CID-313,USD
CA-0557,P2-Kitchen,Kitchen,CID-313,USD
CA-0558,P1-Camping,Camping,CID-314,USD
CA-0559,P2-Kitchen,Kitchen,CID-314,USD
CA-0560,P1-Camping,Camping,CID-315,USD
CA-0561,P2-Kitchen,Kitchen,CID-315,USD
CA-0562,P1-Camping,Camping,CID-316,USD
CA-0563,P2-Kitchen,Kitchen,CID-316,USD
CA-0564,P1-Camping,Camping,CID-317,USD
CA-0565,P2-Kitchen,Kitchen,CID-317,USD
CA-0566,P1-Camping,Camping,CID-318,USD
CA-0567,P2-Kitchen,Kitchen,CID-318,USD
CA-0568,P1-Camping,Camping,CID-319,USD
CA-0569,P2-Kitchen,Kitchen,CID-319,USD
CA-0570,P1-Camping,Camping,CID-320,USD
CA-0571,P1-Camping,Camping,CID-321,USD
CA-0572,P1-Camping,Camping,CID-322,USD
CA-0573,P2-Kitchen,Kitchen,CID-322,USD
CA-0574,P1-Camping,Camping,CID-323,USD
CA-0575,P2-Kitchen,Kitchen,CID-323,USD
CA-0576,P1-Camping,Camping,CID-324,USD
CA-0577,P2-Kitchen,Kitchen,CID-324,USD
CA-0578,P1-Camping,Camping,CID-325,USD
CA-0579,P2-Kitchen,Kitchen,CID-325,USD
CA-0580,P1-Camping,Camping,CID-326,USD
CA-0581,P2-Kitchen,Kitchen,CID-326,USD
CA-0582,P1-Camping,Camping,CID-327,USD
CA-0583,P2-Kitchen,Kitchen,CID-327,USD
CA-0584,P1-Camping,Camping,CID-328,USD
CA-0585,P2-Kitchen,Kitchen,CID-328,USD
CA-0586,P1-Camping,Camping,CID-329,USD
CA-0587,P2-Kitchen,Kitchen,CID-329,USD
CA-0588,P1-Camping,Camping,CID-330,USD
CA-0589,P2-Kitchen,Kitchen,CID-330,USD
CA-0590,P1-Camping,Camping,CID-331,USD
CA-0591,P2-Kitchen,Kitchen,CID-331,USD
CA-0592,P1-Camping,Camping,CID-332,USD
CA-0593,P2-Kitchen,Kitchen,CID-332,USD
CA-0594,P2-Kitchen,Kitchen,CID-333,USD
CA-0595,P1-Camping,Camping,CID-334,USD
CA-0596,P2-Kitchen,Kitchen,CID-334,USD
CA-0597,P1-Camping,Camping,CID-335,USD
CA-0598,P2-Kitchen,Kitchen,CID-335,USD
CA-0599,P1-Camping,Camping,CID-336,USD
CA-0600,P2-Kitchen,Kitchen,CID-336,USD
CA-0601,P1-Camping,Camping,CID-337,USD
CA-0602,P2-Kitchen,Kitchen,CID-337,USD
CA-0603,P1-Camping,Camping,CID-338,USD
CA-0604,P2-Kitchen,Kitchen,CID-338,USD
CA-0605,P2-Kitchen,Kitchen,CID-339,USD
CA-0606,P1-Camping,Camping,CID-340,USD
CA-0607,P2-Kitchen,Kitchen,CID-340,USD
CA-0608,P1-Camping,Camping,CID-341,USD
CA-0609,P2-Kitchen,Kitchen,CID-341,USD
CA-0610,P1-Camping,Camping,CID-342,USD
CA-0611,P2-Kitchen,Kitchen,CID-342,USD
CA-0612,P1-Camping,Camping,CID-343,USD
CA-0613,P2-Kitchen,Kitchen,CID-343,USD
CA-0614,P1-Camping,Camping,CID-344,USD
CA-0615,P2-Kitchen,Kitchen,CID-344,USD
CA-0616,P1-Camping,Camping,CID-345,USD
CA-0617,P2-Kitchen,Kitchen,CID-345,USD
CA-0618,P1-Camping,Camping,CID-346,USD
CA-0619,P1-Camping,Camping,CID-347,USD
CA-0620,P2-Kitchen,Kitchen,CID-347,USD
CA-0621,P1-Camping,Camping,CID-348,USD
CA-0622,P2-Kitchen,Kitchen,CID-348,USD
CA-0623,P1-Camping,Camping,CID-349,USD
CA-0624,P2-Kitchen,Kitchen,CID-349,USD
CA-0625,P1-Camping,Camping,CID-350,USD
CA-0626,P2-Kitchen,Kitchen,CID-350,USD
CA-0627,P1-Camping,Camping,CID-351,USD
CA-0628,P2-Kitchen,Kitchen,CID-351,USD
CA-0629,P1-Camping,Camping,CID-352,USD
CA-0630,P2-Kitchen,Kitchen,CID-352,USD
CA-0631,P1-Camping,Camping,CID-353,USD
CA-0632,P2-Kitchen,Kitchen,CID-353,USD
CA-0633,P1-Camping,Camping,CID-354,USD
CA-0634,P2-Kitchen,Kitchen,CID-354,USD
CA-0635,P1-Camping,Camping,CID-355,USD
CA-0636,P2-Kitchen,Kitchen,CID-355,USD
CA-0637,P1-Camping,Camping,CID-356,USD
CA-0638,P2-Kitchen,Kitchen,CID-356,USD
CA-0639,P1-Camping,Camping,CID-357,USD
CA-0640,P2-Kitchen,Kitchen,CID-357,USD
CA-0641,P1-Camping,Camping,CID-358,USD
CA-0642,P2-Kitchen,Kitchen,CID-358,USD
CA-0643,P1-Camping,Camping,CID-359,USD
CA-0644,P2-Kitchen,Kitchen,CID-359,USD
CA-0645,P1-Camping,Camping,CID-360,USD
CA-0646,P1-Camping,Camping,CID-361,USD
CA-0647,P2-Kitchen,Kitchen,CID-361,USD
CA-0648,P1-Camping,Camping,CID-362,USD
CA-0649,P2-Kitchen,Kitchen,CID-362,USD
CA-0650,P1-Camping,Camping,CID-363,USD
CA-0651,P1-Camping,Camping,CID-364,USD
CA-0652,P1-Camping,Camping,CID-365,USD
CA-0653,P2-Kitchen,Kitchen,CID-366,USD
CA-0654,P1-Camping,Camping,CID-367,USD
CA-0655,P2-Kitchen,Kitchen,CID-367,USD
CA-0656,P1-Camping,Camping,CID-368,USD
CA-0657,P2-Kitchen,Kitchen,CID-368,USD
CA-0658,P1-Camping,Camping,CID-369,USD
CA-0659,P2-Kitchen,Kitchen,CID-369,USD
CA-0660,P1-Camping,Camping,CID-370,USD
CA-0661,P2-Kitchen,Kitchen,CID-371,USD
CA-0662,P1-Camping,Camping,CID-372,USD
CA-0663,P2-Kitchen,Kitchen,CID-372,USD
CA-0664,P1-Camping,Camping,CID-373,USD
CA-0665,P2-Kitchen,Kitchen,CID-373,USD
CA-0666,P1-Camping,Camping,CID-374,USD
CA-0667,P2-Kitchen,Kitchen,CID-374,USD
CA-0668,P1-Camping,Camping,CID-375,USD
CA-0669,P2-Kitchen,Kitchen,CID-375,USD
CA-0670,P1-Camping,Camping,CID-376,USD
CA-0671,P2-Kitchen,Kitchen,CID-376,USD
CA-0672,P1-Camping,Camping,CID-377,USD
CA-0673,P2-Kitchen,Kitchen,CID-377,USD
CA-0674,P1-Camping,Camping,CID-378,USD
CA-0675,P2-Kitchen,Kitchen,CID-378,USD
CA-0676,P1-Camping,Camping,CID-379,USD
CA-0677,P2-Kitchen,Kitchen,CID-379,USD
CA-0678,P1-Camping,Camping,CID-380,USD
CA-0679,P2-Kitchen,Kitchen,CID-380,USD
CA-0680,P1-Camping,Camping,CID-381,USD
CA-0681,P2-Kitchen,Kitchen,CID-381,USD
CA-0682,P1-Camping,Camping,CID-382,USD
CA-0683,P2-Kitchen,Kitchen,CID-382,USD
CA-0684,P1-Camping,Camping,CID-383,USD
CA-0685,P2-Kitchen,Kitchen,CID-383,USD
CA-0686,P1-Camping,Camping,CID-384,USD
CA-0687,P2-Kitchen,Kitchen,CID-384,USD
CA-0688,P1-Camping,Camping,CID-385,USD
CA-0689,P2-Kitchen,Kitchen,CID-385,USD
CA-0690,P1-Camping,Camping,CID-386,USD
CA-0691,P2-Kitchen,Kitchen,CID-386,USD
CA-0692,P1-Camping,Camping,CID-387,USD
CA-0693,P2-Kitchen,Kitchen,CID-387,USD
CA-0694,P1-Camping,Camping,CID-388,USD
CA-0695,P2-Kitchen,Kitchen,CID-388,USD
CA-0696,P1-Camping,Camping,CID-389,USD
CA-0697,P2-Kitchen,Kitchen,CID-389,USD
CA-0698,P1-Camping,Camping,CID-390,USD
CA-0699,P2-Kitchen,Kitchen,CID-390,USD
CA-0700,P1-Camping,Camping,CID-391,USD
CA-0701,P2-Kitchen,Kitchen,CID-391,USD
CA-0702,P1-Camping,Camping,CID-392,USD
CA-0703,P2-Kitchen,Kitchen,CID-392,USD
CA-0704,P1-Camping,Camping,CID-393,USD
CA-0705,P2-Kitchen,Kitchen,CID-393,USD
CA-0706,P1-Camping,Camping,CID-394,USD
CA-0707,P2-Kitchen,Kitchen,CID-394,USD
CA-0708,P1-Camping,Camping,CID-395,USD
CA-0709,P1-Camping,Camping,CID-396,USD
CA-0710,P2-Kitchen,Kitchen,CID-396,USD
CA-0711,P2-Kitchen,Kitchen,CID-397,USD
CA-0712,P1-Camping,Camping,CID-398,USD
CA-0713,P2-Kitchen,Kitchen,CID-398,USD
CA-0714,P1-Camping,Camping,CID-399,USD
CA-0715,P2-Kitchen,Kitchen,CID-399,USD
CA-0716,P1-Camping,Camping,CID-400,USD
CA-0717,P2-Kitchen,Kitchen,CID-400,USD
CA-0718,P1-Camping,Camping,CID-401,USD
CA-0719,P2-Kitchen,Kitchen,CID-401,USD
CA-0720,P2-Kitchen,Kitchen,CID-402,USD
CA-0721,P1-Camping,Camping,CID-403,USD
CA-0722,P2-Kitchen,Kitchen,CID-403,USD
CA-0723,P1-Camping,Camping,CID-404,USD
CA-0724,P2-Kitchen,Kitchen,CID-404,USD
CA-0725,P1-Camping,Camping,CID-405,USD
CA-0726,P2-Kitchen,Kitchen,CID-405,USD
CA-0727,P1-Camping,Camping,CID-406,USD
CA-0728,P2-Kitchen,Kitchen,CID-406,USD
CA-0729,P1-Camping,Camping,CID-407,USD
CA-0730,P2-Kitchen,Kitchen,CID-407,USD
CA-0731,P1-Camping,Camping,CID-408,USD
CA-0732,P2-Kitchen,Kitchen,CID-408,USD
CA-0733,P1-Camping,Camping,CID-409,USD
CA-0734,P2-Kitchen,Kitchen,CID-409,USD
CA-0735,P1-Camping,Camping,CID-410,USD
CA-0736,P2-Kitchen,Kitchen,CID-410,USD
CA-0737,P1-Camping,Camping,CID-411,USD
CA-0738,P2-Kitchen,Kitchen,CID-411,USD
CA-0739,P1-Camping,Camping,CID-412,USD
CA-0740,P2-Kitchen,Kitchen,CID-412,USD
CA-0741,P1-Camping,Camping,CID-413,USD
CA-0742,P2-Kitchen,Kitchen,CID-413,USD
CA-0743,P1-Camping,Camping,CID-414,USD
CA-0744,P2-Kitchen,Kitchen,CID-414,USD
CA-0745,P1-Camping,Camping,CID-415,USD
CA-0746,P2-Kitchen,Kitchen,CID-415,USD
CA-0747,P1-Camping,Camping,CID-416,USD
CA-0748,P2-Kitchen,Kitchen,CID-416,USD
CA-0749,P1-Camping,Camping,CID-417,USD
CA-0750,P2-Kitchen,Kitchen,CID-417,USD
CA-0751,P1-Camping,Camping,CID-418,USD
CA-0752,P2-Kitchen,Kitchen,CID-418,USD
CA-0753,P1-Camping,Camping,CID-419,USD
CA-0754,P2-Kitchen,Kitchen,CID-419,USD
CA-0755,P1-Camping,Camping,CID-420,USD
CA-0756,P2-Kitchen,Kitchen,CID-420,USD
CA-0757,P1-Camping,Camping,CID-421,USD
CA-0758,P2-Kitchen,Kitchen,CID-421,USD
CA-0759,P1-Camping,Camping,CID-422,USD
CA-0760,P2-Kitchen,Kitchen,CID-422,USD
CA-0761,P1-Camping,Camping,CID-423,USD
CA-0762,P2-Kitchen,Kitchen,CID-423,USD
CA-0763,P1-Camping,Camping,CID-424,USD
CA-0764,P2-Kitchen,Kitchen,CID-424,USD
CA-0765,P1-Camping,Camping,CID-425,USD
CA-0766,P2-Kitchen,Kitchen,CID-425,USD
CA-0767,P1-Camping,Camping,CID-426,USD
CA-0768,P2-Kitchen,Kitchen,CID-426,USD
CA-0769,P1-Camping,Camping,CID-427,USD
CA-0770,P2-Kitchen,Kitchen,CID-427,USD
CA-0771,P1-Camping,Camping,CID-428,USD
CA-0772,P2-Kitchen,Kitchen,CID-428,USD
CA-0773,P1-Camping,Camping,CID-429,USD
CA-0774,P2-Kitchen,Kitchen,CID-429,USD
CA-0775,P1-Camping,Camping,CID-430,USD
CA-0776,P2-Kitchen,Kitchen,CID-430,USD
CA-0777,P1-Camping,Camping,CID-431,USD
CA-0778,P2-Kitchen,Kitchen,CID-431,USD
CA-0779,P1-Camping,Camping,CID-432,USD
CA-0780,P1-Camping,Camping,CID-433,USD
CA-0781,P2-Kitchen,Kitchen,CID-433,USD
CA-0782,P1-Camping,Camping,CID-434,USD
CA-0783,P2-Kitchen,Kitchen,CID-434,USD
CA-0784,P1-Camping,Camping,CID-435,USD
CA-0785,P2-Kitchen,Kitchen,CID-435,USD
CA-0786,P1-Camping,Camping,CID-436,USD
CA-0787,P1-Camping,Camping,CID-437,USD
CA-0788,P2-Kitchen,Kitchen,CID-437,USD
CA-0789,P1-Camping,Camping,CID-438,USD
CA-0790,P2-Kitchen,Kitchen,CID-438,USD
CA-0791,P1-Camping,Camping,CID-439,USD
CA-0792,P2-Kitchen,Kitchen,CID-439,USD
CA-0793,P1-Camping,Camping,CID-440,USD
CA-0794,P2-Kitchen,Kitchen,CID-440,USD
CA-0795,P1-Camping,Camping,CID-441,USD
CA-0796,P1-Camping,Camping,CID-442,USD
CA-0797,P2-Kitchen,Kitchen,CID-442,USD
CA-0798,P1-Camping,Camping,CID-443,USD
CA-0799,P2-Kitchen,Kitchen,CID-443,USD
CA-0800,P1-Camping,Camping,CID-444,USD
CA-0801,P2-Kitchen,Kitchen,CID-444,USD
CA-0802,P1-Camping,Camping,CID-445,USD
CA-0803,P2-Kitchen,Kitchen,CID-445,USD
CA-0804,P1-Camping,Camping,CID-446,USD
CA-0805,P2-Kitchen,Kitchen,CID-446,USD
CA-0806,P1-Camping,Camping,CID-447,USD
CA-0807,P2-Kitchen,Kitchen,CID-447,USD
CA-0808,P1-Camping,Camping,CID-448,USD
CA-0809,P2-Kitchen,Kitchen,CID-448,USD
CA-0810,P1-Camping,Camping,CID-449,USD
CA-0811,P2-Kitchen,Kitchen,CID-449,USD
CA-0812,P1-Camping,Camping,CID-450,USD
CA-0813,P2-Kitchen,Kitchen,CID-450,USD
CA-0814,P1-Camping,Camping,CID-451,USD
CA-0815,P2-Kitchen,Kitchen,CID-451,USD
CA-0816,P1-Camping,Camping,CID-452,USD
CA-0817,P2-Kitchen,Kitchen,CID-452,USD
CA-0818,P1-Camping,Camping,CID-453,USD
CA-0819,P2-Kitchen,Kitchen,CID-453,USD
CA-0820,P2-Kitchen,Kitchen,CID-454,USD
CA-0821,P1-Camping,Camping,CID-455,USD
CA-0822,P2-Kitchen,Kitchen,CID-455,USD
CA-0823,P1-Camping,Camping,CID-456,USD
CA-0824,P2-Kitchen,Kitchen,CID-456,USD
CA-0825,P1-Camping,Camping,CID-457,USD
CA-0826,P2-Kitchen,Kitchen,CID-457,USD
CA-0827,P1-Camping,Camping,CID-458,USD
CA-0828,P2-Kitchen,Kitchen,CID-458,USD
CA-0829,P1-Camping,Camping,CID-459,USD
CA-0830,P1-Camping,Camping,CID-460,USD
CA-0831,P2-Kitchen,Kitchen,CID-460,USD
CA-0832,P1-Camping,Camping,CID-461,USD
CA-0833,P2-Kitchen,Kitchen,CID-461,USD
CA-0834,P1-Camping,Camping,CID-462,USD
CA-0835,P2-Kitchen,Kitchen,CID-462,USD
CA-0836,P1-Camping,Camping,CID-463,USD
CA-0837,P2-Kitchen,Kitchen,CID-463,USD
CA-0838,P1-Camping,Camping,CID-464,USD
CA-0839,P2-Kitchen,Kitchen,CID-464,USD
CA-0840,P1-Camping,Camping,CID-465,USD
CA-0841,P2-Kitchen,Kitchen,CID-465,USD
CA-0842,P1-Camping,Camping,CID-466,USD
CA-0843,P1-Camping,Camping,CID-467,USD
CA-0844,P2-Kitchen,Kitchen,CID-467,USD
CA-0845,P2-Kitchen,Kitchen,CID-468,USD
CA-0846,P1-Camping,Camping,CID-469,USD
CA-0847,P2-Kitchen,Kitchen,CID-469,USD
CA-0848,P1-Camping,Camping,CID-470,USD
CA-0849,P2-Kitchen,Kitchen,CID-470,USD
CA-0850,P1-Camping,Camping,CID-471,USD
CA-0851,P2-Kitchen,Kitchen,CID-471,USD
CA-0852,P1-Camping,Camping,CID-472,USD
CA-0853,P2-Kitchen,Kitchen,CID-472,USD
CA-0854,P1-Camping,Camping,CID-473,USD
CA-0855,P2-Kitchen,Kitchen,CID-473,USD
CA-0856,P2-Kitchen,Kitchen,CID-474,USD
CA-0857,P1-Camping,Camping,CID-475,USD
CA-0858,P2-Kitchen,Kitchen,CID-475,USD
CA-0859,P1-Camping,Camping,CID-476,USD
CA-0860,P2-Kitchen,Kitchen,CID-477,USD
CA-0861,P1-Camping,Camping,CID-478,USD
CA-0862,P2-Kitchen,Kitchen,CID-478,USD
CA-0863,P1-Camping,Camping,CID-479,USD
CA-0864,P2-Kitchen,Kitchen,CID-479,USD
CA-0865,P1-Camping,Camping,CID-480,USD
CA-0866,P1-Camping,Camping,CID-481,USD
CA-0867,P1-Camping,Camping,CID-482,USD
CA-0868,P2-Kitchen,Kitchen,CID-482,USD
CA-0869,P1-Camping,Camping,CID-483,USD
CA-0870,P2-Kitchen,Kitchen,CID-483,USD
CA-0871,P1-Camping,Camping,CID-484,USD
CA-0872,P2-Kitchen,Kitchen,CID-484,USD
CA-0873,P1-Camping,Camping,CID-485,USD
CA-0874,P2-Kitchen,Kitchen,CID-485,USD
CA-0875,P2-Kitchen,Kitchen,CID-486,USD
CA-0876,P1-Camping,Camping,CID-487,USD
CA-0877,P2-Kitchen,Kitchen,CID-487,USD
CA-0878,P1-Camping,Camping,CID-488,USD
CA-0879,P1-Camping,Camping,CID-489,USD
CA-0880,P2-Kitchen,Kitchen,CID-489,USD
CA-0881,P1-Camping,Camping,CID-490,USD
CA-0882,P2-Kitchen,Kitchen,CID-490,USD
CA-0883,P1-Camping,Camping,CID-491,USD
CA-0884,P2-Kitchen,Kitchen,CID-491,USD
CA-0885,P1-Camping,Camping,CID-492,USD
CA-0886,P2-Kitchen,Kitchen,CID-492,USD
CA-0887,P1-Camping,Camping,CID-493,USD
CA-0888,P1-Camping,Camping,CID-494,USD
CA-0889,P2-Kitchen,Kitchen,CID-494,USD
CA-0890,P1-Camping,Camping,CID-495,USD
CA-0891,P2-Kitchen,Kitchen,CID-495,USD
CA-0892,P1-Camping,Camping,CID-496,USD
CA-0893,P2-Kitchen,Kitchen,CID-496,USD
CA-0894,P2-Kitchen,Kitchen,CID-497,USD
CA-0895,P1-Camping,Camping,CID-498,USD
CA-0896,P2-Kitchen,Kitchen,CID-498,USD
CA-0897,P1-Camping,Camping,CID-499,USD
CA-0898,P2-Kitchen,Kitchen,CID-499,USD
CA-0899,P1-Camping,Camping,CID-500,USD
CA-0900,P1-Camping,Camping,CID-501,USD
CA-0901,P2-Kitchen,Kitchen,CID-501,USD
CA-0902,P1-Camping,Camping,CID-502,USD
CA-0903,P2-Kitchen,Kitchen,CID-502,USD
CA-0904,P1-Camping,Camping,CID-503,USD
CA-0905,P2-Kitchen,Kitchen,CID-503,USD
CA-0906,P1-Camping,Camping,CID-504,USD
CA-0907,P2-Kitchen,Kitchen,CID-504,USD
CA-0908,P1-Camping,Camping,CID-505,USD
CA-0909,P2-Kitchen,Kitchen,CID-505,USD
CA-0910,P1-Camping,Camping,CID-506,USD
CA-0911,P2-Kitchen,Kitchen,CID-506,USD
CA-0912,P1-Camping,Camping,CID-507,USD
CA-0913,P2-Kitchen,Kitchen,CID-507,USD
CA-0914,P1-Camping,Camping,CID-508,USD
CA-0915,P2-Kitchen,Kitchen,CID-508,USD
CA-0916,P1-Camping,Camping,CID-509,USD
CA-0917,P2-Kitchen,Kitchen,CID-509,USD
CA-0918,P1-Camping,Camping,CID-510,USD
CA-0919,P2-Kitchen,Kitchen,CID-510,USD
CA-0920,P1-Camping,Camping,CID-511,USD
CA-0921,P2-Kitchen,Kitchen,CID-511,USD
CA-0922,P1-Camping,Camping,CID-512,USD
CA-0923,P2-Kitchen,Kitchen,CID-512,USD
CA-0924,P1-Camping,Camping,CID-513,USD
CA-0925,P2-Kitchen,Kitchen,CID-513,USD
CA-0926,P3-Ski,Ski,CID-001,USD
CA-0927,P3-Ski,Ski,CID-002,USD
CA-0928,P3-Ski,Ski,CID-003,USD
CA-0929,P3-Ski,Ski,CID-004,USD
CA-0930,P3-Ski,Ski,CID-005,USD
CA-0931,P3-Ski,Ski,CID-006,USD
CA-0932,P3-Ski,Ski,CID-007,USD
CA-0933,P3-Ski,Ski,CID-008,USD
CA-0934,P3-Ski,Ski,CID-009,USD
CA-0935,P3-Ski,Ski,CID-010,USD
CA-0936,P3-Ski,Ski,CID-011,USD
CA-0937,P3-Ski,Ski,CID-012,USD
CA-0938,P3-Ski,Ski,CID-013,USD
CA-0939,P3-Ski,Ski,CID-014,USD
CA-0940,P3-Ski,Ski,CID-015,USD
CA-0941,P3-Ski,Ski,CID-016,USD
CA-0942,P3-Ski,Ski,CID-017,USD
CA-0943,P3-Ski,Ski,CID-018,USD
CA-0944,P3-Ski,Ski,CID-019,USD
CA-0945,P3-Ski,Ski,CID-020,USD
CA-0946,P3-Ski,Ski,CID-021,USD
CA-0947,P3-Ski,Ski,CID-022,USD
CA-0948,P3-Ski,Ski,CID-023,USD
CA-0949,P3-Ski,Ski,CID-024,USD
CA-0950,P3-Ski,Ski,CID-025,USD
CA-0951,P3-Ski,Ski,CID-026,USD
CA-0952,P3-Ski,Ski,CID-027,USD
CA-0953,P3-Ski,Ski,CID-028,USD
CA-0954,P3-Ski,Ski,CID-029,USD
CA-0955,P3-Ski,Ski,CID-030,USD
CA-0956,P3-Ski,Ski,CID-031,USD
CA-0957,P3-Ski,Ski,CID-032,USD
CA-0958,P3-Ski,Ski,CID-033,USD
CA-0959,P3-Ski,Ski,CID-034,USD
CA-0960,P3-Ski,Ski,CID-035,USD
CA-0961,P3-Ski,Ski,CID-036,USD
CA-0962,P3-Ski,Ski,CID-037,USD
CA-0963,P3-Ski,Ski,CID-038,USD
CA-0964,P3-Ski,Ski,CID-039,USD
CA-0965,P3-Ski,Ski,CID-040,USD
CA-0966,P3-Ski,Ski,CID-041,USD
CA-0967,P3-Ski,Ski,CID-042,USD
CA-0968,P3-Ski,Ski,CID-043,USD
CA-0969,P3-Ski,Ski,CID-044,USD
CA-0970,P3-Ski,Ski,CID-045,USD
CA-0971,P3-Ski,Ski,CID-046,USD
CA-0972,P3-Ski,Ski,CID-047,USD
CA-0973,P3-Ski,Ski,CID-048,USD
CA-0974,P3-Ski,Ski,CID-049,USD
CA-0975,P3-Ski,Ski,CID-050,USD
CA-0976,P3-Ski,Ski,CID-051,USD
CA-0977,P3-Ski,Ski,CID-052,USD
CA-0978,P3-Ski,Ski,CID-053,USD
CA-0979,P3-Ski,Ski,CID-054,USD
CA-0980,P3-Ski,Ski,CID-055,USD
CA-0981,P3-Ski,Ski,CID-056,USD
CA-0982,P3-Ski,Ski,CID-057,USD
CA-0983,P3-Ski,Ski,CID-058,USD
CA-0984,P3-Ski,Ski,CID-059,USD
CA-0985,P3-Ski,Ski,CID-060,USD
CA-0986,P3-Ski,Ski,CID-061,USD
CA-0987,P3-Ski,Ski,CID-062,USD
CA-0988,P3-Ski,Ski,CID-063,USD
CA-0989,P3-Ski,Ski,CID-064,USD
CA-0990,P3-Ski,Ski,CID-065,USD
CA-0991,P3-Ski,Ski,CID-066,USD
CA-0992,P3-Ski,Ski,CID-067,USD
CA-0993,P3-Ski,Ski,CID-068,USD
CA-0994,P3-Ski,Ski,CID-069,USD
CA-0995,P3-Ski,Ski,CID-070,USD
CA-0996,P3-Ski,Ski,CID-071,USD
CA-0997,P3-Ski,Ski,CID-072,USD
CA-0998,P3-Ski,Ski,CID-073,USD
CA-0999,P3-Ski,Ski,CID-074,USD
CA-1000,P3-Ski,Ski,CID-075,USD
CA-1001,P3-Ski,Ski,CID-076,USD
CA-1002,P3-Ski,Ski,CID-077,USD
CA-1003,P3-Ski,Ski,CID-078,USD
CA-1004,P3-Ski,Ski,CID-079,USD
CA-1005,P3-Ski,Ski,CID-080,USD
CA-1006,P3-Ski,Ski,CID-081,USD
CA-1007,P3-Ski,Ski,CID-082,USD
CA-1008,P3-Ski,Ski,CID-083,USD
CA-1009,P3-Ski,Ski,CID-084,USD
CA-1010,P3-Ski,Ski,CID-085,USD
CA-1011,P3-Ski,Ski,CID-086,USD
CA-1012,P3-Ski,Ski,CID-087,USD
CA-1013,P3-Ski,Ski,CID-088,USD
CA-1014,P3-Ski,Ski,CID-089,USD
CA-1015,P3-Ski,Ski,CID-090,USD
CA-1016,P3-Ski,Ski,CID-091,USD
CA-1017,P3-Ski,Ski,CID-092,USD
CA-1018,P3-Ski,Ski,CID-093,USD
CA-1019,P3-Ski,Ski,CID-094,USD
CA-1020,P3-Ski,Ski,CID-095,USD
CA-1021,P3-Ski,Ski,CID-096,USD
CA-1022,P3-Ski,Ski,CID-097,USD
CA-1023,P3-Ski,Ski,CID-098,USD
CA-1024,P3-Ski,Ski,CID-099,USD
CA-1025,P3-Ski,Ski,CID-100,USD
CA-1026,P3-Ski,Ski,CID-101,USD
CA-1027,P3-Ski,Ski,CID-102,USD
CA-1028,P3-Ski,Ski,CID-103,USD
CA-1029,P3-Ski,Ski,CID-104,USD
CA-1030,P3-Ski,Ski,CID-105,USD
CA-1031,P3-Ski,Ski,CID-106,USD
CA-1032,P3-Ski,Ski,CID-107,USD
CA-1033,P3-Ski,Ski,CID-108,USD
CA-1034,P3-Ski,Ski,CID-109,USD
CA-1035,P3-Ski,Ski,CID-110,USD
CA-1036,P3-Ski,Ski,CID-111,USD
CA-1037,P3-Ski,Ski,CID-112,USD
CA-1038,P3-Ski,Ski,CID-113,USD
CA-1039,P3-Ski,Ski,CID-114,USD
CA-1040,P3-Ski,Ski,CID-115,USD
CA-1041,P3-Ski,Ski,CID-116,USD
CA-1042,P3-Ski,Ski,CID-117,USD
CA-1043,P3-Ski,Ski,CID-118,USD
CA-1044,P3-Ski,Ski,CID-119,USD
CA-1045,P3-Ski,Ski,CID-120,USD
CA-1046,P3-Ski,Ski,CID-121,USD
CA-1047,P3-Ski,Ski,CID-122,USD
CA-1048,P3-Ski,Ski,CID-123,USD
CA-1049,P3-Ski,Ski,CID-124,USD
CA-1050,P3-Ski,Ski,CID-125,USD
CA-1051,P3-Ski,Ski,CID-126,USD
CA-1052,P3-Ski,Ski,CID-127,USD
CA-1053,P3-Ski,Ski,CID-128,USD
CA-1054,P3-Ski,Ski,CID-129,USD
CA-1055,P3-Ski,Ski,CID-130,USD
CA-1056,P3-Ski,Ski,CID-131,USD
CA-1057,P3-Ski,Ski,CID-132,USD
CA-1058,P3-Ski,Ski,CID-133,USD
CA-1059,P3-Ski,Ski,CID-134,USD
CA-1060,P3-Ski,Ski,CID-135,USD
CA-1061,P3-Ski,Ski,CID-136,USD
CA-1062,P3-Ski,Ski,CID-137,USD
CA-1063,P3-Ski,Ski,CID-138,USD
CA-1064,P3-Ski,Ski,CID-139,USD
CA-1065,P3-Ski,Ski,CID-140,USD
CA-1066,P3-Ski,Ski,CID-141,USD
CA-1067,P3-Ski,Ski,CID-142,USD
CA-1068,P3-Ski,Ski,CID-143,USD
CA-1069,P3-Ski,Ski,CID-144,USD
CA-1070,P3-Ski,Ski,CID-145,USD
CA-1071,P3-Ski,Ski,CID-146,USD
CA-1072,P3-Ski,Ski,CID-147,USD
CA-1073,P3-Ski,Ski,CID-148,USD
CA-1074,P3-Ski,Ski,CID-149,USD
CA-1075,P3-Ski,Ski,CID-150,USD
CA-1076,P3-Ski,Ski,CID-151,USD
CA-1077,P3-Ski,Ski,CID-152,USD
CA-1078,P3-Ski,Ski,CID-153,USD
CA-1079,P3-Ski,Ski,CID-154,USD
CA-1080,P3-Ski,Ski,CID-155,USD
CA-1081,P3-Ski,Ski,CID-156,USD
CA-1082,P3-Ski,Ski,CID-157,USD
CA-1083,P3-Ski,Ski,CID-158,USD
CA-1084,P3-Ski,Ski,CID-159,USD
CA-1085,P3-Ski,Ski,CID-160,USD
CA-1086,P3-Ski,Ski,CID-161,USD
CA-1087,P3-Ski,Ski,CID-162,USD
CA-1088,P3-Ski,Ski,CID-163,USD
CA-1089,P3-Ski,Ski,CID-164,USD
CA-1090,P3-Ski,Ski,CID-165,USD
CA-1091,P3-Ski,Ski,CID-166,USD
CA-1092,P3-Ski,Ski,CID-167,USD
CA-1093,P3-Ski,Ski,CID-168,USD
CA-1094,P3-Ski,Ski,CID-169,USD
CA-1095,P3-Ski,Ski,CID-170,USD
CA-1096,P3-Ski,Ski,CID-171,USD
CA-1097,P3-Ski,Ski,CID-172,USD
CA-1098,P3-Ski,Ski,CID-173,USD
CA-1099,P3-Ski,Ski,CID-174,USD
CA-1100,P3-Ski,Ski,CID-175,USD
CA-1101,P3-Ski,Ski,CID-176,USD
CA-1102,P3-Ski,Ski,CID-177,USD
CA-1103,P3-Ski,Ski,CID-178,USD
CA-1104,P3-Ski,Ski,CID-179,USD
CA-1105,P3-Ski,Ski,CID-180,USD
CA-1106,P3-Ski,Ski,CID-181,USD
CA-1107,P3-Ski,Ski,CID-182,USD
CA-1108,P3-Ski,Ski,CID-183,USD
CA-1109,P3-Ski,Ski,CID-184,USD
CA-1110,P3-Ski,Ski,CID-185,USD
CA-1111,P3-Ski,Ski,CID-186,USD
CA-1112,P3-Ski,Ski,CID-187,USD
CA-1113,P3-Ski,Ski,CID-188,USD
CA-1114,P3-Ski,Ski,CID-189,USD
CA-1115,P3-Ski,Ski,CID-190,USD
CA-1116,P3-Ski,Ski,CID-191,USD
CA-1117,P3-Ski,Ski,CID-192,USD
CA-1118,P3-Ski,Ski,CID-193,USD
CA-1119,P3-Ski,Ski,CID-194,USD
CA-1120,P3-Ski,Ski,CID-195,USD
CA-1121,P3-Ski,Ski,CID-196,USD
CA-1122,P3-Ski,Ski,CID-197,USD
CA-1123,P3-Ski,Ski,CID-198,USD
CA-1124,P3-Ski,Ski,CID-199,USD
CA-1125,P3-Ski,Ski,CID-200,USD
CA-1126,P3-Ski,Ski,CID-201,USD
CA-1127,P3-Ski,Ski,CID-202,USD
CA-1128,P3-Ski,Ski,CID-203,USD
CA-1129,P3-Ski,Ski,CID-204,USD
CA-1130,P3-Ski,Ski,CID-205,USD
CA-1131,P3-Ski,Ski,CID-206,USD
CA-1132,P3-Ski,Ski,CID-207,USD
CA-1133,P3-Ski,Ski,CID-208,USD
CA-1134,P3-Ski,Ski,CID-209,USD
CA-1135,P3-Ski,Ski,CID-210,USD
CA-1136,P3-Ski,Ski,CID-211,USD
CA-1137,P3-Ski,Ski,CID-212,USD
CA-1138,P3-Ski,Ski,CID-213,USD
CA-1139,P3-Ski,Ski,CID-214,USD
CA-1140,P3-Ski,Ski,CID-215,USD
CA-1141,P3-Ski,Ski,CID-216,USD
CA-1142,P3-Ski,Ski,CID-217,USD
CA-1143,P3-Ski,Ski,CID-218,USD
CA-1144,P3-Ski,Ski,CID-219,USD
CA-1145,P3-Ski,Ski,CID-220,USD
CA-1146,P3-Ski,Ski,CID-221,USD
CA-1147,P3-Ski,Ski,CID-222,USD
CA-1148,P3-Ski,Ski,CID-223,USD
CA-1149,P3-Ski,Ski,CID-224,USD
CA-1150,P3-Ski,Ski,CID-225,USD
CA-1151,P3-Ski,Ski,CID-226,USD
CA-1152,P3-Ski,Ski,CID-227,USD
CA-1153,P3-Ski,Ski,CID-228,USD
CA-1154,P3-Ski,Ski,CID-229,USD
CA-1155,P3-Ski,Ski,CID-230,USD
CA-1156,P3-Ski,Ski,CID-231,USD
CA-1157,P3-Ski,Ski,CID-232,USD
CA-1158,P3-Ski,Ski,CID-233,USD
CA-1159,P3-Ski,Ski,CID-234,USD
CA-1160,P3-Ski,Ski,CID-235,USD
CA-1161,P3-Ski,Ski,CID-236,USD
CA-1162,P3-Ski,Ski,CID-237,USD
CA-1163,P3-Ski,Ski,CID-238,USD
CA-1164,P3-Ski,Ski,CID-239,USD
CA-1165,P3-Ski,Ski,CID-240,USD
CA-1166,P3-Ski,Ski,CID-241,USD
CA-1167,P3-Ski,Ski,CID-242,USD
CA-1168,P3-Ski,Ski,CID-243,USD
CA-1169,P3-Ski,Ski,CID-244,USD
CA-1170,P3-Ski,Ski,CID-245,USD
CA-1171,P3-Ski,Ski,CID-246,USD
CA-1172,P3-Ski,Ski,CID-247,USD
CA-1173,P3-Ski,Ski,CID-248,USD
CA-1174,P3-Ski,Ski,CID-249,USD
CA-1175,P3-Ski,Ski,CID-250,USD
CA-1176,P3-Ski,Ski,CID-251,USD
CA-1177,P3-Ski,Ski,CID-252,USD
CA-1178,P3-Ski,Ski,CID-253,USD
CA-1179,P3-Ski,Ski,CID-254,USD
CA-1180,P3-Ski,Ski,CID-255,USD
CA-1181,P3-Ski,Ski,CID-256,USD
CA-1182,P3-Ski,Ski,CID-257,USD
CA-1183,P3-Ski,Ski,CID-258,USD
CA-1184,P3-Ski,Ski,CID-259,USD
CA-1185,P3-Ski,Ski,CID-260,USD
CA-1186,P3-Ski,Ski,CID-261,USD
CA-1187,P3-Ski,Ski,CID-262,USD
CA-1188,P3-Ski,Ski,CID-263,USD
CA-1189,P3-Ski,Ski,CID-264,USD
CA-1190,P3-Ski,Ski,CID-265,USD
CA-1191,P3-Ski,Ski,CID-266,USD
CA-1192,P3-Ski,Ski,CID-267,USD
CA-1193,P3-Ski,Ski,CID-268,USD
CA-1194,P3-Ski,Ski,CID-269,USD
CA-1195,P3-Ski,Ski,CID-270,USD
CA-1196,P3-Ski,Ski,CID-271,USD
CA-1197,P3-Ski,Ski,CID-272,USD
CA-1198,P3-Ski,Ski,CID-273,USD
CA-1199,P3-Ski,Ski,CID-274,USD
CA-1200,P3-Ski,Ski,CID-275,USD
CA-1201,P3-Ski,Ski,CID-276,USD
CA-1202,P3-Ski,Ski,CID-277,USD
CA-1203,P3-Ski,Ski,CID-278,USD
CA-1204,P3-Ski,Ski,CID-279,USD
CA-1205,P3-Ski,Ski,CID-280,USD
CA-1206,P3-Ski,Ski,CID-281,USD
CA-1207,P3-Ski,Ski,CID-282,USD
CA-1208,P3-Ski,Ski,CID-283,USD
CA-1209,P3-Ski,Ski,CID-284,USD
CA-1210,P3-Ski,Ski,CID-285,USD
CA-1211,P3-Ski,Ski,CID-286,USD
CA-1212,P3-Ski,Ski,CID-287,USD
CA-1213,P3-Ski,Ski,CID-288,USD
CA-1214,P3-Ski,Ski,CID-289,USD
CA-1215,P3-Ski,Ski,CID-290,USD
CA-1216,P3-Ski,Ski,CID-291,USD
CA-1217,P3-Ski,Ski,CID-292,USD
CA-1218,P3-Ski,Ski,CID-293,USD
CA-1219,P3-Ski,Ski,CID-294,USD
CA-1220,P3-Ski,Ski,CID-295,USD
CA-1221,P3-Ski,Ski,CID-296,USD
CA-1222,P3-Ski,Ski,CID-297,USD
CA-1223,P3-Ski,Ski,CID-298,USD
CA-1224,P3-Ski,Ski,CID-299,USD
CA-1225,P3-Ski,Ski,CID-300,USD
CA-1226,P3-Ski,Ski,CID-301,USD
CA-1227,P3-Ski,Ski,CID-302,USD
CA-1228,P3-Ski,Ski,CID-303,USD
CA-1229,P3-Ski,Ski,CID-304,USD
CA-1230,P3-Ski,Ski,CID-305,USD
CA-1231,P3-Ski,Ski,CID-306,USD
CA-1232,P3-Ski,Ski,CID-307,USD
CA-1233,P3-Ski,Ski,CID-308,USD
CA-1234,P3-Ski,Ski,CID-309,USD
CA-1235,P3-Ski,Ski,CID-310,USD
CA-1236,P3-Ski,Ski,CID-311,USD
CA-1237,P3-Ski,Ski,CID-312,USD
CA-1238,P3-Ski,Ski,CID-313,USD
CA-1239,P3-Ski,Ski,CID-314,USD
CA-1240,P3-Ski,Ski,CID-315,USD
CA-1241,P3-Ski,Ski,CID-316,USD
CA-1242,P3-Ski,Ski,CID-317,USD
CA-1243,P3-Ski,Ski,CID-318,USD
CA-1244,P3-Ski,Ski,CID-319,USD
CA-1245,P3-Ski,Ski,CID-320,USD
CA-1246,P3-Ski,Ski,CID-321,USD
CA-1247,P3-Ski,Ski,CID-322,USD
CA-1248,P3-Ski,Ski,CID-323,USD
CA-1249,P3-Ski,Ski,CID-324,USD
CA-1250,P3-Ski,Ski,CID-325,USD
CA-1251,P3-Ski,Ski,CID-326,USD
CA-1252,P3-Ski,Ski,CID-327,USD
CA-1253,P3-Ski,Ski,CID-328,USD
CA-1254,P3-Ski,Ski,CID-329,USD
CA-1255,P3-Ski,Ski,CID-330,USD
CA-1256,P3-Ski,Ski,CID-331,USD
CA-1257,P3-Ski,Ski,CID-332,USD
CA-1258,P3-Ski,Ski,CID-333,USD
CA-1259,P3-Ski,Ski,CID-334,USD
CA-1260,P3-Ski,Ski,CID-335,USD
CA-1261,P3-Ski,Ski,CID-336,USD
CA-1262,P3-Ski,Ski,CID-337,USD
CA-1263,P3-Ski,Ski,CID-338,USD
CA-1264,P3-Ski,Ski,CID-339,USD
CA-1265,P3-Ski,Ski,CID-340,USD
CA-1266,P3-Ski,Ski,CID-341,USD
CA-1267,P3-Ski,Ski,CID-342,USD
CA-1268,P3-Ski,Ski,CID-343,USD
CA-1269,P3-Ski,Ski,CID-344,USD
CA-1270,P3-Ski,Ski,CID-345,USD
CA-1271,P3-Ski,Ski,CID-346,USD
CA-1272,P3-Ski,Ski,CID-347,USD
CA-1273,P3-Ski,Ski,CID-348,USD
CA-1274,P3-Ski,Ski,CID-349,USD
CA-1275,P3-Ski,Ski,CID-350,USD
CA-1276,P3-Ski,Ski,CID-351,USD
CA-1277,P3-Ski,Ski,CID-352,USD
CA-1278,P3-Ski,Ski,CID-353,USD
CA-1279,P3-Ski,Ski,CID-354,USD
CA-1280,P3-Ski,Ski,CID-355,USD
CA-1281,P3-Ski,Ski,CID-356,USD
CA-1282,P3-Ski,Ski,CID-357,USD
CA-1283,P3-Ski,Ski,CID-358,USD
CA-1284,P3-Ski,Ski,CID-359,USD
CA-1285,P3-Ski,Ski,CID-360,USD
CA-1286,P3-Ski,Ski,CID-361,USD
CA-1287,P3-Ski,Ski,CID-362,USD
CA-1288,P3-Ski,Ski,CID-363,USD
CA-1289,P3-Ski,Ski,CID-364,USD
CA-1290,P3-Ski,Ski,CID-365,USD
CA-1291,P3-Ski,Ski,CID-366,USD
CA-1292,P3-Ski,Ski,CID-367,USD
CA-1293,P3-Ski,Ski,CID-368,USD
CA-1294,P3-Ski,Ski,CID-369,USD
CA-1295,P3-Ski,Ski,CID-370,USD
CA-1296,P3-Ski,Ski,CID-371,USD
CA-1297,P3-Ski,Ski,CID-372,USD
CA-1298,P3-Ski,Ski,CID-373,USD
CA-1299,P3-Ski,Ski,CID-374,USD
CA-1300,P3-Ski,Ski,CID-375,USD
CA-1301,P3-Ski,Ski,CID-376,USD
CA-1302,P3-Ski,Ski,CID-377,USD
CA-1303,P3-Ski,Ski,CID-378,USD
CA-1304,P3-Ski,Ski,CID-379,USD
CA-1305,P3-Ski,Ski,CID-380,USD
CA-1306,P3-Ski,Ski,CID-381,USD
CA-1307,P3-Ski,Ski,CID-382,USD
CA-1308,P3-Ski,Ski,CID-383,USD
CA-1309,P3-Ski,Ski,CID-384,USD
CA-1310,P3-Ski,Ski,CID-385,USD
CA-1311,P3-Ski,Ski,CID-386,USD
CA-1312,P3-Ski,Ski,CID-387,USD
CA-1313,P3-Ski,Ski,CID-388,USD
CA-1314,P3-Ski,Ski,CID-389,USD
CA-1315,P3-Ski,Ski,CID-390,USD
CA-1316,P3-Ski,Ski,CID-391,USD
CA-1317,P3-Ski,Ski,CID-392,USD
CA-1318,P3-Ski,Ski,CID-393,USD
CA-1319,P3-Ski,Ski,CID-394,USD
CA-1320,P3-Ski,Ski,CID-395,USD
CA-1321,P3-Ski,Ski,CID-396,USD
CA-1322,P3-Ski,Ski,CID-397,USD
CA-1323,P3-Ski,Ski,CID-398,USD
CA-1324,P3-Ski,Ski,CID-399,USD
CA-1325,P3-Ski,Ski,CID-400,USD
CA-1326,P3-Ski,Ski,CID-401,USD
CA-1327,P3-Ski,Ski,CID-402,USD
CA-1328,P3-Ski,Ski,CID-403,USD
CA-1329,P3-Ski,Ski,CID-404,USD
CA-1330,P3-Ski,Ski,CID-405,USD
CA-1331,P3-Ski,Ski,CID-406,USD
CA-1332,P3-Ski,Ski,CID-407,USD
CA-1333,P3-Ski,Ski,CID-408,USD
CA-1334,P3-Ski,Ski,CID-409,USD
CA-1335,P3-Ski,Ski,CID-410,USD
CA-1336,P3-Ski,Ski,CID-411,USD
CA-1337,P3-Ski,Ski,CID-412,USD
CA-1338,P3-Ski,Ski,CID-413,USD
CA-1339,P3-Ski,Ski,CID-414,USD
CA-1340,P3-Ski,Ski,CID-415,USD
CA-1341,P3-Ski,Ski,CID-416,USD
CA-1342,P3-Ski,Ski,CID-417,USD
CA-1343,P3-Ski,Ski,CID-418,USD
CA-1344,P3-Ski,Ski,CID-419,USD
CA-1345,P3-Ski,Ski,CID-420,USD
CA-1346,P3-Ski,Ski,CID-421,USD
CA-1347,P3-Ski,Ski,CID-422,USD
CA-1348,P3-Ski,Ski,CID-423,USD
CA-1349,P3-Ski,Ski,CID-424,USD
CA-1350,P3-Ski,Ski,CID-425,USD
CA-1351,P3-Ski,Ski,CID-426,USD
CA-1352,P3-Ski,Ski,CID-427,USD
CA-1353,P3-Ski,Ski,CID-428,USD
CA-1354,P3-Ski,Ski,CID-429,USD
CA-1355,P3-Ski,Ski,CID-430,USD
CA-1356,P3-Ski,Ski,CID-431,USD
CA-1357,P3-Ski,Ski,CID-432,USD
CA-1358,P3-Ski,Ski,CID-433,USD
CA-1359,P3-Ski,Ski,CID-434,USD
CA-1360,P3-Ski,Ski,CID-435,USD
CA-1361,P3-Ski,Ski,CID-436,USD
CA-1362,P3-Ski,Ski,CID-437,USD
CA-1363,P3-Ski,Ski,CID-438,USD
CA-1364,P3-Ski,Ski,CID-439,USD
CA-1365,P3-Ski,Ski,CID-440,USD
CA-1366,P3-Ski,Ski,CID-441,USD
CA-1367,P3-Ski,Ski,CID-442,USD
CA-1368,P3-Ski,Ski,CID-443,USD
CA-1369,P3-Ski,Ski,CID-444,USD
CA-1370,P3-Ski,Ski,CID-445,USD
CA-1371,P3-Ski,Ski,CID-446,USD
CA-1372,P3-Ski,Ski,CID-447,USD
CA-1373,P3-Ski,Ski,CID-448,USD
CA-1374,P3-Ski,Ski,CID-449,USD
CA-1375,P3-Ski,Ski,CID-450,USD
CA-1376,P3-Ski,Ski,CID-451,USD
CA-1377,P3-Ski,Ski,CID-452,USD
CA-1378,P3-Ski,Ski,CID-453,USD
CA-1379,P3-Ski,Ski,CID-454,USD
CA-1380,P3-Ski,Ski,CID-455,USD
CA-1381,P3-Ski,Ski,CID-456,USD
CA-1382,P3-Ski,Ski,CID-457,USD
CA-1383,P3-Ski,Ski,CID-458,USD
CA-1384,P3-Ski,Ski,CID-459,USD
CA-1385,P3-Ski,Ski,CID-460,USD
CA-1386,P3-Ski,Ski,CID-461,USD
CA-1387,P3-Ski,Ski,CID-462,USD
CA-1388,P3-Ski,Ski,CID-463,USD
CA-1389,P3-Ski,Ski,CID-464,USD
CA-1390,P3-Ski,Ski,CID-465,USD
CA-1391,P3-Ski,Ski,CID-466,USD
CA-1392,P3-Ski,Ski,CID-467,USD
CA-1393,P3-Ski,Ski,CID-468,USD
CA-1394,P3-Ski,Ski,CID-469,USD
CA-1395,P3-Ski,Ski,CID-470,USD
CA-1396,P3-Ski,Ski,CID-471,USD
CA-1397,P3-Ski,Ski,CID-472,USD
CA-1398,P3-Ski,Ski,CID-473,USD
CA-1399,P3-Ski,Ski,CID-474,USD
CA-1400,P3-Ski,Ski,CID-475,USD
CA-1401,P3-Ski,Ski,CID-476,USD
CA-1402,P3-Ski,Ski,CID-477,USD
CA-1403,P3-Ski,Ski,CID-478,USD
CA-1404,P3-Ski,Ski,CID-479,USD
CA-1405,P3-Ski,Ski,CID-480,USD
CA-1406,P3-Ski,Ski,CID-481,USD
CA-1407,P3-Ski,Ski,CID-482,USD
CA-1408,P3-Ski,Ski,CID-483,USD
CA-1409,P3-Ski,Ski,CID-484,USD
CA-1410,P3-Ski,Ski,CID-485,USD
CA-1411,P3-Ski,Ski,CID-486,USD
CA-1412,P3-Ski,Ski,CID-487,USD
CA-1413,P3-Ski,Ski,CID-488,USD
CA-1414,P3-Ski,Ski,CID-489,USD
CA-1415,P3-Ski,Ski,CID-490,USD
CA-1416,P3-Ski,Ski,CID-491,USD
CA-1417,P3-Ski,Ski,CID-492,USD
CA-1418,P3-Ski,Ski,CID-493,USD
CA-1419,P3-Ski,Ski,CID-494,USD
CA-1420,P3-Ski,Ski,CID-495,USD
CA-1421,P3-Ski,Ski,CID-496,USD
CA-1422,P3-Ski,Ski,CID-497,USD
CA-1423,P3-Ski,Ski,CID-498,USD
CA-1424,P3-Ski,Ski,CID-499,USD
CA-1425,P3-Ski,Ski,CID-500,USD
CA-1426,P3-Ski,Ski,CID-501,USD
CA-1427,P3-Ski,Ski,CID-502,USD
CA-1428,P3-Ski,Ski,CID-503,USD
CA-1429,P3-Ski,Ski,CID-504,USD
CA-1430,P3-Ski,Ski,CID-505,USD
CA-1431,P3-Ski,Ski,CID-506,USD
CA-1432,P3-Ski,Ski,CID-507,USD
CA-1433,P3-Ski,Ski,CID-508,USD
CA-1434,P3-Ski,Ski,CID-509,USD
CA-1435,P3-Ski,Ski,CID-510,USD
CA-1436,P3-Ski,Ski,CID-511,USD
CA-1437,P3-Ski,Ski,CID-512,USD
CA-1438,P3-Ski,Ski,CID-513,USD
CA-1439,P1-Camping,Camping,CID-026,USD
CA-1440,P1-Camping,Camping,CID-054,USD
CA-1441,P1-Camping,Camping,CID-060,USD
CA-1442,P1-Camping,Camping,CID-082,USD
CA-1443,P1-Camping,Camping,CID-092,USD
CA-1444,P1-Camping,Camping,CID-096,USD
CA-1445,P1-Camping,Camping,CID-108,USD
CA-1446,P1-Camping,Camping,CID-111,USD
CA-1447,P1-Camping,Camping,CID-139,USD
CA-1448,P1-Camping,Camping,CID-167,USD
CA-1449,P1-Camping,Camping,CID-168,USD
CA-1450,P1-Camping,Camping,CID-179,USD
CA-1451,P1-Camping,Camping,CID-213,USD
CA-1452,P1-Camping,Camping,CID-217,USD
CA-1453,P1-Camping,Camping,CID-220,USD
CA-1454,P1-Camping,Camping,CID-237,USD
CA-1455,P1-Camping,Camping,CID-250,USD
CA-1456,P1-Camping,Camping,CID-256,USD
CA-1457,P1-Camping,Camping,CID-257,USD
CA-1458,P1-Camping,Camping,CID-265,USD
CA-1459,P1-Camping,Camping,CID-266,USD
CA-1460,P1-Camping,Camping,CID-270,USD
CA-1461,P1-Camping,Camping,CID-271,USD
CA-1462,P1-Camping,Camping,CID-275,USD
CA-1463,P1-Camping,Camping,CID-284,USD
CA-1464,P1-Camping,Camping,CID-312,USD
CA-1465,P1-Camping,Camping,CID-333,USD
CA-1466,P1-Camping,Camping,CID-339,USD
CA-1467,P1-Camping,Camping,CID-366,USD
CA-1468,P1-Camping,Camping,CID-371,USD
CA-1469,P1-Camping,Camping,CID-397,USD
CA-1470,P1-Camping,Camping,CID-402,USD
CA-1471,P1-Camping,Camping,CID-454,USD
CA-1472,P1-Camping,Camping,CID-468,USD
CA-1473,P1-Camping,Camping,CID-474,USD
CA-1474,P1-Camping,Camping,CID-477,USD
CA-1475,P1-Camping,Camping,CID-486,USD
CA-1476,P1-Camping,Camping,CID-497,USD
CA-1477,P2-Kitchen,Kitchen,CID-007,USD
CA-1478,P2-Kitchen,Kitchen,CID-018,USD
CA-1479,P2-Kitchen,Kitchen,CID-019,USD
CA-1480,P2-Kitchen,Kitchen,CID-022,USD
CA-1481,P2-Kitchen,Kitchen,CID-025,USD
CA-1482,P2-Kitchen,Kitchen,CID-028,USD
CA-1483,P2-Kitchen,Kitchen,CID-030,USD
CA-1484,P2-Kitchen,Kitchen,CID-031,USD
CA-1485,P2-Kitchen,Kitchen,CID-045,USD
CA-1486,P2-Kitchen,Kitchen,CID-051,USD
CA-1487,P2-Kitchen,Kitchen,CID-064,USD
CA-1488,P2-Kitchen,Kitchen,CID-070,USD
CA-1489,P2-Kitchen,Kitchen,CID-072,USD
CA-1490,P2-Kitchen,Kitchen,CID-081,USD
CA-1491,P2-Kitchen,Kitchen,CID-109,USD
CA-1492,P2-Kitchen,Kitchen,CID-121,USD
CA-1493,P2-Kitchen,Kitchen,CID-127,USD
CA-1494,P2-Kitchen,Kitchen,CID-145,USD
CA-1495,P2-Kitchen,Kitchen,CID-148,USD
CA-1496,P2-Kitchen,Kitchen,CID-155,USD
CA-1497,P2-Kitchen,Kitchen,CID-158,USD
CA-1498,P2-Kitchen,Kitchen,CID-164,USD
CA-1499,P2-Kitchen,Kitchen,CID-165,USD
CA-1500,P2-Kitchen,Kitchen,CID-169,USD
CA-1501,P2-Kitchen,Kitchen,CID-175,USD
CA-1502,P2-Kitchen,Kitchen,CID-184,USD
CA-1503,P2-Kitchen,Kitchen,CID-190,USD
CA-1504,P2-Kitchen,Kitchen,CID-191,USD
CA-1505,P2-Kitchen,Kitchen,CID-197,USD
CA-1506,P2-Kitchen,Kitchen,CID-203,USD
CA-1507,P2-Kitchen,Kitchen,CID-218,USD
CA-1508,P2-Kitchen,Kitchen,CID-222,USD
CA-1509,P2-Kitchen,Kitchen,CID-224,USD
CA-1510,P2-Kitchen,Kitchen,CID-226,USD
CA-1511,P2-Kitchen,Kitchen,CID-252,USD
CA-1512,P2-Kitchen,Kitchen,CID-262,USD
CA-1513,P2-Kitchen,Kitchen,CID-267,USD
CA-1514,P2-Kitchen,Kitchen,CID-277,USD
CA-1515,P2-Kitchen,Kitchen,CID-288,USD
CA-1516,P2-Kitchen,Kitchen,CID-289,USD
CA-1517,P2-Kitchen,Kitchen,CID-290,USD
CA-1518,P2-Kitchen,Kitchen,CID-291,USD
CA-1519,P2-Kitchen,Kitchen,CID-303,USD
CA-1520,P2-Kitchen,Kitchen,CID-320,USD
CA-1521,P2-Kitchen,Kitchen,CID-321,USD
CA-1522,P2-Kitchen,Kitchen,CID-346,USD
CA-1523,P2-Kitchen,Kitchen,CID-360,USD
CA-1524,P2-Kitchen,Kitchen,CID-363,USD
CA-1525,P2-Kitchen,Kitchen,CID-364,USD
CA-1526,P2-Kitchen,Kitchen,CID-365,USD
CA-1527,P2-Kitchen,Kitchen,CID-370,USD
CA-1528,P2-Kitchen,Kitchen,CID-395,USD
CA-1529,P2-Kitchen,Kitchen,CID-432,USD
CA-1530,P2-Kitchen,Kitchen,CID-436,USD
CA-1531,P2-Kitchen,Kitchen,CID-441,USD
CA-1532,P2-Kitchen,Kitchen,CID-459,USD
CA-1533,P2-Kitchen,Kitchen,CID-466,USD
CA-1534,P2-Kitchen,Kitchen,CID-476,USD
CA-1535,P2-Kitchen,Kitchen,CID-480,USD
CA-1536,P2-Kitchen,Kitchen,CID-481,USD
CA-1537,P2-Kitchen,Kitchen,CID-488,USD
CA-1538,P2-Kitchen,Kitchen,CID-493,USD
CA-1539,P2-Kitchen,Kitchen,CID-500,USD
