LocationID,CustomerID,LocationName,IsActive,AddressLine1,AddressLine2,City,StateID,ZipCode,CountryID,SubdivisionName,Region,Latitude,Longitude,Note
LOC-001,CID-001,Street Address,TRUE,1000 Liberty St,,Long Beach,CA,54321,US,,West Coast,36.8845897,-66.6417606,Generated sample address
LOC-002,CID-002,Street Address,TRUE,1001 Adams St,,Albuquerque,NM,15975,US,,Mountain West,37.5757674,-110.0544879,Generated sample address
LOC-003,CID-003,Street Address,TRUE,1002 Business Park Way,,Baltimore,MD,56567,US,,Northeast,42.832273,-113.7248976,Generated sample address
LOC-004,CID-004,Street Address,TRUE,1003 Garden St,Apt 14,Richmond,VA,98765,US,,South,32.9243544,-78.9303475,Generated sample address
LOC-005,CID-005,Street Address,TRUE,1004 Jefferson St,Apt 13,Columbus,OH,45123,US,,Midwest,45.6449569,-105.4164435,Generated sample address
LOC-006,CID-006,Street Address,TRUE,1005 Corporate Dr,,Buffalo,NY,12890,US,,Northeast,27.1118752,-103.2868687,Generated sample address
LOC-007,CID-007,Street Address,TRUE,1006 Jefferson St,,Oklahoma City,OK,34912,US,,South,46.2371629,-81.1448454,Generated sample address
LOC-008,CID-008,Street Address,TRUE,1007 Main St,,Washington,DC,89789,US,,Northeast,46.3659374,-102.1879587,Generated sample address
LOC-009,CID-009,Street Address,TRUE,1008 Mill St,,Orlando,FL,12567,US,,South,48.3430896,-95.7240096,Generated sample address
LOC-010,CID-010,Street Address,TRUE,1009 Mountain View Dr,Suite 199,Orlando,FL,97531,US,,South,36.4380848,-70.4656825,Generated sample address
LOC-011,CID-011,Street Address,TRUE,1010 Center St,,Tampa,FL,45123,US,,South,36.9818963,-77.7322628,Generated sample address
LOC-012,CID-012,Street Address,TRUE,1011 First St,,Philadelphia,PA,45912,US,,Northeast,42.1770331,-120.3433066,Generated sample address
LOC-013,CID-013,Street Address,TRUE,1012 Union St,,San Jose,CA,12789,US,,West Coast,39.0613325,-76.4818645,Generated sample address
LOC-014,CID-014,Street Address,TRUE,1013 Liberty St,,Boston,MA,45456,US,,Northeast,37.6368599,-106.0485257,Generated sample address
LOC-015,CID-015,Street Address,TRUE,1014 Forest Ave,Suite 777,Tucson,AZ,23912,US,,Mountain West,26.0017228,-86.0057659,Generated sample address
LOC-016,CID-016,Street Address,TRUE,1015 Jefferson St,,San Antonio,TX,24680,US,,South,31.6623964,-89.445324,Generated sample address
LOC-017,CID-017,Street Address,TRUE,1016 Elm St,,Charlotte,NC,12567,US,,South,34.6529018,-84.3038763,Generated sample address
LOC-018,CID-018,Street Address,TRUE,1017 High St,,Salt Lake City,UT,78345,US,,Mountain West,32.7886746,-122.5010454,Generated sample address
LOC-019,CID-019,Street Address,TRUE,1018 Industrial Dr,,Houston,TX,12890,US,,South,45.7509294,-104.1990007,Generated sample address
LOC-020,CID-020,Street Address,TRUE,1019 Commerce St,,Sacramento,CA,45123,US,,West Coast,48.9537649,-108.8012338,Generated sample address
LOC-021,CID-021,Street Address,TRUE,1020 Sunset Ave,,Philadelphia,PA,89012,US,,Northeast,48.500682,-69.0736417,Generated sample address
LOC-022,CID-022,Street Address,TRUE,1021 Union St,,Houston,TX,78789,US,,South,25.8760291,-87.3867603,Generated sample address
LOC-023,CID-023,Street Address,TRUE,1022 Sunrise Ave,,Albuquerque,NM,91789,US,,Mountain West,33.0827783,-77.7353374,Generated sample address
LOC-024,CID-024,Street Address,TRUE,1023 Hillside Ave,,Los Angeles,CA,78901,US,,West Coast,40.9852652,-68.7854256,Generated sample address
LOC-025,CID-025,Street Address,TRUE,1024 Meadow Ln,,Miami,FL,91567,US,,South,27.5694867,-89.1531987,Generated sample address
LOC-026,CID-026,Street Address,TRUE,1025 Madison Ave,,Milwaukee,WI,45456,US,,Midwest,43.5327992,-122.946861,Generated sample address
LOC-027,CID-027,Street Address,TRUE,1026 Madison Ave,,Buffalo,NY,67345,US,,Northeast,25.6808341,-79.067593,Generated sample address
LOC-028,CID-028,Street Address,TRUE,1027 Commerce St,,Chicago,IL,35791,US,,Midwest,33.1582118,-102.4115903,Generated sample address
LOC-029,CID-029,Street Address,TRUE,1028 Adams St,,Baltimore,MD,12789,US,,Northeast,38.181116,-89.2994051,Generated sample address
LOC-030,CID-030,Street Address,TRUE,1029 Summit St,,Kansas City,MO,23789,US,,Midwest,40.9765514,-69.0194118,Generated sample address
LOC-031,CID-031,Street Address,TRUE,1030 Spring St,,Jacksonville,FL,78901,US,,South,33.3003345,-79.9780162,Generated sample address
LOC-032,CID-032,Street Address,TRUE,1031 Cedar St,Apt 4,Columbus,OH,67345,US,,Midwest,38.3480445,-93.761867,Generated sample address
LOC-033,CID-033,Street Address,TRUE,1032 Maple St,,Denver,CO,67456,US,,Mountain West,33.9508511,-86.6759165,Generated sample address
LOC-034,CID-034,Street Address,TRUE,1033 Business Park Way,Apt 25,Richmond,VA,45123,US,,South,30.2402913,-118.3065319,Generated sample address
LOC-035,CID-035,Street Address,TRUE,1034 College Ave,,Chicago,IL,89567,US,,Midwest,42.3918715,-95.5564063,Generated sample address
LOC-036,CID-036,Street Address,TRUE,1035 Sunrise Ave,,Seattle,WA,91789,US,,West Coast,33.6746845,-91.8613101,Generated sample address
LOC-037,CID-037,Street Address,TRUE,1036 Business Park Way,,Cincinnati,OH,56456,US,,Midwest,30.5444169,-109.6429035,Generated sample address
LOC-038,CID-038,Street Address,TRUE,1037 Commerce St,,Orlando,FL,86420,US,,South,35.1568278,-66.2144584,Generated sample address
LOC-039,CID-039,Street Address,TRUE,1038 Church St,,Chicago,IL,12345,US,,Midwest,31.1394219,-70.9277443,Generated sample address
LOC-040,CID-040,Street Address,TRUE,1039 Executive Ave,,Dallas,TX,78456,US,,South,36.2800049,-117.7643921,Generated sample address
LOC-041,CID-041,Street Address,TRUE,1040 River Rd,,San Diego,CA,34345,US,,West Coast,45.3206573,-98.3294816,Generated sample address
LOC-042,CID-042,Street Address,TRUE,1041 Liberty St,,Columbus,OH,45123,US,,Midwest,46.4669758,-98.7384396,Generated sample address
LOC-043,CID-043,Street Address,TRUE,1042 High St,,Washington,DC,23456,US,,Northeast,26.1947685,-84.7661736,Generated sample address
LOC-044,CID-044,Street Address,TRUE,1043 Hillside Ave,Suite 431,Cleveland,OH,67678,US,,Midwest,45.1380305,-106.1443214,Generated sample address
LOC-045,CID-045,Street Address,TRUE,1044 Valley Rd,,Portland,OR,86420,US,,West Coast,32.6856324,-121.1685944,Generated sample address
LOC-046,CID-046,Street Address,TRUE,1045 Meadow Ln,Apt 37,Atlanta,GA,89012,US,,South,37.554284,-72.4114307,Generated sample address
LOC-047,CID-047,Street Address,TRUE,1046 Park Ave,,San Jose,CA,34123,US,,West Coast,45.2840513,-83.0032629,Generated sample address
LOC-048,CID-048,Street Address,TRUE,1047 Third St,,Washington,DC,91678,US,,Northeast,47.1831114,-87.3756987,Generated sample address
LOC-049,CID-049,Street Address,TRUE,1048 Cedar St,,Albany,NY,56234,US,,Northeast,43.8424096,-94.983411,Generated sample address
LOC-050,CID-050,Street Address,TRUE,1049 Church St,,Dallas,TX,89567,US,,South,27.0340614,-113.1421581,Generated sample address
LOC-051,CID-051,Street Address,TRUE,1050 Mill St,,Las Vegas,NV,78789,US,,Mountain West,27.4719218,-78.3679894,Generated sample address
LOC-052,CID-052,Street Address,TRUE,1051 Executive Ave,,Rochester,NY,45678,US,,Northeast,24.6571007,-92.3127352,Generated sample address
LOC-053,CID-053,Street Address,TRUE,1052 Spring St,,Albany,NY,78567,US,,Northeast,33.2227791,-77.5839581,Generated sample address
LOC-054,CID-054,Street Address,TRUE,1053 Lake St,,Oklahoma City,OK,86420,US,,South,37.7911733,-88.8950466,Generated sample address
LOC-055,CID-055,Street Address,TRUE,1054 Third St,,Orlando,FL,54321,US,,South,26.155387,-106.7518477,Generated sample address
LOC-056,CID-056,Street Address,TRUE,1055 Jefferson St,Apt 46,Kansas City,MO,78901,US,,Midwest,48.9898761,-82.5866901,Generated sample address
LOC-057,CID-057,Street Address,TRUE,1056 Liberty St,Apt 3,Los Angeles,CA,78901,US,,West Coast,37.1423914,-79.6192915,Generated sample address
LOC-058,CID-058,Street Address,TRUE,1057 Broad St,,Sacramento,CA,78456,US,,West Coast,44.583485,-120.6487079,Generated sample address
LOC-059,CID-059,Street Address,TRUE,1058 Industrial Dr,,Detroit,MI,67890,US,,Midwest,48.3094933,-87.1020232,Generated sample address
LOC-060,CID-060,Street Address,TRUE,1059 Executive Ave,,Milwaukee,WI,23890,US,,Midwest,35.2493624,-84.8735696,Generated sample address
LOC-061,CID-061,Street Address,TRUE,1060 Riverside Dr,,Minneapolis,MN,89789,US,,Midwest,32.6128695,-73.2003511,Generated sample address
LOC-062,CID-062,Street Address,TRUE,1061 Elm St,,San Diego,CA,89678,US,,West Coast,43.5065732,-87.2521582,Generated sample address
LOC-063,CID-063,Street Address,TRUE,1062 Mill St,,Nashville,TN,45912,US,,South,28.5490784,-67.9903878,Generated sample address
LOC-064,CID-064,Street Address,TRUE,1063 Second St,,Syracuse,NY,78567,US,,Northeast,34.8154572,-71.267976,Generated sample address
LOC-065,CID-065,Street Address,TRUE,1064 Elm St,,Los Angeles,CA,91567,US,,West Coast,25.3853213,-117.6744939,Generated sample address
LOC-066,CID-066,Street Address,TRUE,1065 Meadow Ln,,San Diego,CA,89012,US,,West Coast,27.8253867,-115.2852323,Generated sample address
LOC-067,CID-067,Street Address,TRUE,1066 Sunset Ave,,Oklahoma City,OK,15975,US,,South,32.0665188,-83.1494042,Generated sample address
LOC-068,CID-068,Street Address,TRUE,1067 Franklin St,,Chicago,IL,89012,US,,Midwest,32.6505771,-69.4866608,Generated sample address
LOC-069,CID-069,Street Address,TRUE,1068 Third St,,Oklahoma City,OK,89789,US,,South,46.3731479,-75.0899113,Generated sample address
LOC-070,CID-070,Street Address,TRUE,1069 Sunrise Ave,,San Diego,CA,56789,US,,West Coast,30.2651327,-87.5316316,Generated sample address
LOC-071,CID-071,Street Address,TRUE,1070 Sunset Ave,,Seattle,WA,24680,US,,West Coast,37.7710354,-117.6149526,Generated sample address
LOC-072,CID-072,Street Address,TRUE,1071 Adams St,,Salt Lake City,UT,12678,US,,Mountain West,31.5706152,-93.5247962,Generated sample address
LOC-073,CID-073,Street Address,TRUE,1072 Madison Ave,Suite 488,Raleigh,NC,56567,US,,South,36.5643286,-115.0504818,Generated sample address
LOC-074,CID-074,Street Address,TRUE,1073 Main St,,Charlotte,NC,91234,US,,South,47.5401747,-115.9025383,Generated sample address
LOC-075,CID-075,Street Address,TRUE,1074 Riverside Dr,,Chicago,IL,23678,US,,Midwest,40.4683218,-82.4826667,Generated sample address
LOC-076,CID-076,Street Address,TRUE,1075 Executive Ave,,Indianapolis,IN,89678,US,,Midwest,39.1284727,-75.2907298,Generated sample address
LOC-077,CID-077,Street Address,TRUE,1076 Pine St,,Tucson,AZ,23678,US,,Mountain West,38.0904509,-76.3110602,Generated sample address
LOC-078,CID-078,Street Address,TRUE,1077 Second St,,Kansas City,MO,45234,US,,Midwest,24.7093372,-122.3177536,Generated sample address
LOC-079,CID-079,Street Address,TRUE,1078 Summit St,Apt 31,Miami,FL,56789,US,,South,40.0363433,-90.9704973,Generated sample address
LOC-080,CID-080,Street Address,TRUE,1079 River Rd,Apt 33,Cleveland,OH,23456,US,,Midwest,40.2782494,-79.7494189,Generated sample address
LOC-081,CID-081,Street Address,TRUE,1080 Park Ave,,Phoenix,AZ,13579,US,,Mountain West,34.4146696,-87.2995197,Generated sample address
LOC-082,CID-082,Street Address,TRUE,1081 Business Park Way,,Austin,TX,91567,US,,South,36.4509515,-87.9973234,Generated sample address
LOC-083,CID-083,Street Address,TRUE,1082 Forest Ave,,Austin,TX,34912,US,,South,31.2417914,-68.55764,Generated sample address
LOC-084,CID-084,Street Address,TRUE,1083 University Dr,,San Jose,CA,12678,US,,West Coast,36.0736205,-77.5233989,Generated sample address
LOC-085,CID-085,Street Address,TRUE,1084 Forest Ave,,Cleveland,OH,45890,US,,Midwest,41.124771,-107.4514016,Generated sample address
LOC-086,CID-086,Street Address,TRUE,1085 Madison Ave,,Albany,NY,23912,US,,Northeast,25.8243256,-121.4651311,Generated sample address
LOC-087,CID-087,Street Address,TRUE,1086 Jackson St,,Raleigh,NC,15975,US,,South,34.9901375,-96.4291833,Generated sample address
LOC-088,CID-088,Street Address,TRUE,1087 Wilson St,,Chicago,IL,45890,US,,Midwest,29.1005753,-89.2070445,Generated sample address
LOC-089,CID-089,Street Address,TRUE,1088 Third St,,Seattle,WA,45912,US,,West Coast,31.8145625,-82.6165898,Generated sample address
LOC-090,CID-090,Street Address,TRUE,1089 Forest Ave,,San Diego,CA,13579,US,,West Coast,42.3549939,-74.2141354,Generated sample address
LOC-091,CID-091,Street Address,TRUE,1090 River Rd,,Dallas,TX,15975,US,,South,48.3843532,-117.2847971,Generated sample address
LOC-092,CID-092,Street Address,TRUE,1091 Third St,,Austin,TX,78345,US,,South,33.263505,-91.8625783,Generated sample address
LOC-093,CID-093,Street Address,TRUE,1092 State St,,Cincinnati,OH,23912,US,,Midwest,31.9778972,-97.4781185,Generated sample address
LOC-094,CID-094,Street Address,TRUE,1093 Meadow Ln,Apt 36,Buffalo,NY,89567,US,,Northeast,30.6867919,-110.3727859,Generated sample address
LOC-095,CID-095,Street Address,TRUE,1094 Wilson St,,Albany,NY,97531,US,,Northeast,26.4202913,-107.8774917,Generated sample address
LOC-096,CID-096,Street Address,TRUE,1095 Cedar St,,Dallas,TX,86420,US,,South,33.6037458,-88.6927308,Generated sample address
LOC-097,CID-097,Street Address,TRUE,1096 Summit St,,Indianapolis,IN,35791,US,,Midwest,30.206757,-73.9468574,Generated sample address
LOC-098,CID-098,Street Address,TRUE,1097 College Ave,,Las Vegas,NV,23912,US,,Mountain West,27.9924916,-105.6812866,Generated sample address
LOC-099,CID-099,Street Address,TRUE,1098 Business Park Way,,New York,NY,23234,US,,Northeast,38.4421759,-106.5498197,Generated sample address
LOC-100,CID-100,Street Address,TRUE,1099 Valley Rd,,Dallas,TX,56567,US,,South,43.0780344,-95.602333,Generated sample address
LOC-101,CID-101,Street Address,TRUE,1100 Second St,,San Jose,CA,67456,US,,West Coast,36.868121,-95.5731772,Generated sample address
LOC-102,CID-102,Street Address,TRUE,1101 Franklin St,,San Francisco,CA,12345,US,,West Coast,31.7135121,-123.6325984,Generated sample address
LOC-103,CID-103,Street Address,TRUE,1102 Cedar St,,New York,NY,91234,US,,Northeast,47.6308201,-95.1787767,Generated sample address
LOC-104,CID-104,Street Address,TRUE,1103 State St,,Indianapolis,IN,23912,US,,Midwest,48.1671658,-112.3064791,Generated sample address
LOC-105,CID-105,Street Address,TRUE,1104 Main St,,Long Beach,CA,13579,US,,West Coast,32.8223772,-122.0181161,Generated sample address
LOC-106,CID-106,Street Address,TRUE,1105 Technology Blvd,Apt 24,Denver,CO,91678,US,,Mountain West,36.3723551,-72.9419709,Generated sample address
LOC-107,CID-107,Street Address,TRUE,1106 Garden St,,Indianapolis,IN,35791,US,,Midwest,40.3565009,-97.2353757,Generated sample address
LOC-108,CID-108,Street Address,TRUE,1107 First St,,Atlanta,GA,78345,US,,South,37.4172687,-75.0168304,Generated sample address
LOC-109,CID-109,Street Address,TRUE,1108 Riverside Dr,,San Francisco,CA,56567,US,,West Coast,34.7731942,-72.9351119,Generated sample address
LOC-110,CID-110,Street Address,TRUE,1109 Business Park Way,,Austin,TX,89678,US,,South,42.1877016,-79.9324509,Generated sample address
LOC-111,CID-111,Street Address,TRUE,1110 Hillside Ave,,Indianapolis,IN,45456,US,,Midwest,33.1484338,-101.3656844,Generated sample address
LOC-112,CID-112,Street Address,TRUE,1111 University Dr,,Baltimore,MD,35791,US,,Northeast,38.2570411,-113.5153372,Generated sample address
LOC-113,CID-113,Street Address,TRUE,1112 Adams St,,Salt Lake City,UT,89789,US,,Mountain West,37.8305732,-120.6616268,Generated sample address
LOC-114,CID-114,Street Address,TRUE,1113 Water St,,Portland,OR,34567,US,,West Coast,36.6063882,-79.9001572,Generated sample address
LOC-115,CID-115,Street Address,TRUE,1114 Broad St,,Nashville,TN,89789,US,,South,30.9930169,-66.6436487,Generated sample address
LOC-116,CID-116,Street Address,TRUE,1115 Summit St,,Austin,TX,12567,US,,South,41.009966,-117.9901498,Generated sample address
LOC-117,CID-117,Street Address,TRUE,1116 Technology Blvd,,San Diego,CA,89456,US,,West Coast,48.3770704,-101.7596809,Generated sample address
LOC-118,CID-118,Street Address,TRUE,1117 Hill St,,Albuquerque,NM,45678,US,,Mountain West,43.8724307,-104.9939673,Generated sample address
LOC-119,CID-119,Street Address,TRUE,1118 School St,,Tampa,FL,34789,US,,South,47.4737142,-80.4570548,Generated sample address
LOC-120,CID-120,Street Address,TRUE,1119 Jefferson St,,Albuquerque,NM,54321,US,,Mountain West,28.976447,-94.9617715,Generated sample address
LOC-121,CID-121,Street Address,TRUE,1120 Spring St,,Orlando,FL,12567,US,,South,36.5019476,-122.3271022,Generated sample address
LOC-122,CID-122,Street Address,TRUE,1121 Hillside Ave,,Houston,TX,67234,US,,South,27.4259093,-105.3505984,Generated sample address
LOC-123,CID-123,Street Address,TRUE,1122 Spring St,,Syracuse,NY,12123,US,,Northeast,35.8436038,-98.037675,Generated sample address
LOC-124,CID-124,Street Address,TRUE,1123 Oak Ave,,Long Beach,CA,45456,US,,West Coast,39.1565131,-94.5851618,Generated sample address
LOC-125,CID-125,Street Address,TRUE,1124 Washington St,Apt 39,Kansas City,MO,91234,US,,Midwest,32.1991462,-88.8289809,Generated sample address
LOC-126,CID-126,Street Address,TRUE,1125 Mill St,,Tampa,FL,34123,US,,South,28.0625511,-66.5536715,Generated sample address
LOC-127,CID-127,Street Address,TRUE,1126 Mill St,,St. Louis,MO,78456,US,,Midwest,42.482984,-107.3451738,Generated sample address
LOC-128,CID-128,Street Address,TRUE,1127 Forest Ave,Suite 546,Tucson,AZ,91234,US,,Mountain West,32.4093363,-76.1309262,Generated sample address
LOC-129,CID-129,Street Address,TRUE,1128 Main St,,Cleveland,OH,78789,US,,Midwest,37.3084957,-83.1843514,Generated sample address
LOC-130,CID-130,Street Address,TRUE,1129 Business Park Way,,Philadelphia,PA,45234,US,,Northeast,31.4947641,-76.8708188,Generated sample address
LOC-131,CID-131,Street Address,TRUE,1130 Lincoln Ave,Suite 780,Jacksonville,FL,23789,US,,South,33.2089452,-85.2454228,Generated sample address
LOC-132,CID-132,Street Address,TRUE,1131 Broad St,,Boston,MA,45890,US,,Northeast,48.4974508,-90.5615736,Generated sample address
LOC-133,CID-133,Street Address,TRUE,1132 Maple St,,Philadelphia,PA,56567,US,,Northeast,43.9188703,-82.2058715,Generated sample address
LOC-134,CID-134,Street Address,TRUE,1133 Wilson St,,Albany,NY,12678,US,,Northeast,41.2010913,-123.4278179,Generated sample address
LOC-135,CID-135,Street Address,TRUE,1134 Technology Blvd,,San Antonio,TX,12789,US,,South,35.8647554,-67.9428289,Generated sample address
LOC-136,CID-136,Street Address,TRUE,1135 Water St,,Albany,NY,89456,US,,Northeast,43.5725998,-79.2064405,Generated sample address
LOC-137,CID-137,Street Address,TRUE,1136 Washington St,,Boston,MA,23890,US,,Northeast,38.4408599,-82.4373934,Generated sample address
LOC-138,CID-138,Street Address,TRUE,1137 Sunrise Ave,,Seattle,WA,34789,US,,West Coast,38.5880819,-114.9397884,Generated sample address
LOC-139,CID-139,Street Address,TRUE,1138 Mill St,,Kansas City,MO,45123,US,,Midwest,39.725631,-88.4355875,Generated sample address
LOC-140,CID-140,Street Address,TRUE,1139 School St,,Oklahoma City,OK,34890,US,,South,45.0291781,-116.2812332,Generated sample address
LOC-141,CID-141,Street Address,TRUE,1140 River Rd,,Minneapolis,MN,78678,US,,Midwest,41.0181724,-123.1373397,Generated sample address
LOC-142,CID-142,Street Address,TRUE,1141 Riverside Dr,,Baltimore,MD,23456,US,,Northeast,47.7051293,-118.5161642,Generated sample address
LOC-143,CID-143,Street Address,TRUE,1142 Roosevelt Ave,,Columbus,OH,89678,US,,Midwest,24.4734342,-106.4921435,Generated sample address
LOC-144,CID-144,Street Address,TRUE,1143 Broad St,,San Jose,CA,91890,US,,West Coast,27.7857815,-84.2604846,Generated sample address
LOC-145,CID-145,Street Address,TRUE,1144 Adams St,,Syracuse,NY,34789,US,,Northeast,34.2594352,-79.2766342,Generated sample address
LOC-146,CID-146,Street Address,TRUE,1145 Lincoln Ave,Suite 586,Denver,CO,54321,US,,Mountain West,47.0130237,-73.5037552,Generated sample address
LOC-147,CID-147,Street Address,TRUE,1146 University Dr,,Sacramento,CA,45912,US,,West Coast,42.3959318,-121.3254041,Generated sample address
LOC-148,CID-148,Street Address,TRUE,1147 Liberty St,,Milwaukee,WI,45678,US,,Midwest,27.4520621,-112.7668394,Generated sample address
LOC-149,CID-149,Street Address,TRUE,1148 Union St,,Detroit,MI,91567,US,,Midwest,32.1262384,-85.9286188,Generated sample address
LOC-150,CID-150,Street Address,TRUE,1149 Commerce St,,Rochester,NY,12345,US,,Northeast,37.1369288,-106.4885967,Generated sample address
LOC-151,CID-151,Street Address,TRUE,1150 Hillside Ave,,San Diego,CA,67567,US,,West Coast,28.3295606,-71.1846745,Generated sample address
LOC-152,CID-152,Street Address,TRUE,1151 Washington St,,Rochester,NY,89567,US,,Northeast,32.5581754,-104.0970677,Generated sample address
LOC-153,CID-153,Street Address,TRUE,1152 Sunrise Ave,,Austin,TX,67678,US,,South,43.2997446,-82.4654509,Generated sample address
LOC-154,CID-154,Street Address,TRUE,1153 School St,,Oakland,CA,89789,US,,West Coast,40.0827275,-84.0945147,Generated sample address
LOC-155,CID-155,Street Address,TRUE,1154 Lake St,,Indianapolis,IN,45123,US,,Midwest,39.2519145,-113.656414,Generated sample address
LOC-156,CID-156,Street Address,TRUE,1155 Mountain View Dr,,Oklahoma City,OK,56345,US,,South,30.1629784,-92.0728876,Generated sample address
LOC-157,CID-157,Street Address,TRUE,1156 River Rd,,Richmond,VA,12123,US,,South,29.6216759,-67.598273,Generated sample address
LOC-158,CID-158,Street Address,TRUE,1157 State St,,Salt Lake City,UT,45234,US,,Mountain West,31.4403641,-107.9487559,Generated sample address
LOC-159,CID-159,Street Address,TRUE,1158 State St,,Dallas,TX,56456,US,,South,29.1819449,-83.4056927,Generated sample address
LOC-160,CID-160,Street Address,TRUE,1159 Liberty St,,Houston,TX,67567,US,,South,31.9260186,-104.4206127,Generated sample address
LOC-161,CID-161,Street Address,TRUE,1160 Valley Rd,,New York,NY,89012,US,,Northeast,47.3425094,-78.071084,Generated sample address
LOC-162,CID-162,Street Address,TRUE,1161 Third St,,Pittsburgh,PA,23678,US,,Northeast,30.8364384,-117.8094278,Generated sample address
LOC-163,CID-163,Street Address,TRUE,1162 Broad St,,Miami,FL,56567,US,,South,40.9155561,-102.5980431,Generated sample address
LOC-164,CID-164,Street Address,TRUE,1163 Cedar St,,Denver,CO,78901,US,,Mountain West,48.5040134,-76.7157299,Generated sample address
LOC-165,CID-165,Street Address,TRUE,1164 Pine St,Apt 27,Pittsburgh,PA,67890,US,,Northeast,47.8652216,-77.5276658,Generated sample address
LOC-166,CID-166,Street Address,TRUE,1165 Broad St,,Cincinnati,OH,45912,US,,Midwest,31.2613163,-108.0298098,Generated sample address
LOC-167,CID-167,Street Address,TRUE,1166 Madison Ave,,Nashville,TN,89456,US,,South,41.8535322,-104.5645527,Generated sample address
LOC-168,CID-168,Street Address,TRUE,1167 Garden St,,Rochester,NY,54321,US,,Northeast,35.0594028,-109.8698054,Generated sample address
LOC-169,CID-169,Street Address,TRUE,1168 Mountain View Dr,,Milwaukee,WI,89456,US,,Midwest,35.9769816,-113.0779876,Generated sample address
LOC-170,CID-170,Street Address,TRUE,1169 Center St,,Atlanta,GA,56456,US,,South,37.4644481,-69.9515879,Generated sample address
LOC-171,CID-171,Street Address,TRUE,1170 Water St,,Cincinnati,OH,45234,US,,Midwest,41.4042825,-116.9008957,Generated sample address
LOC-172,CID-172,Street Address,TRUE,1171 Meadow Ln,,St. Louis,MO,56567,US,,Midwest,39.3919259,-90.3770006,Generated sample address
LOC-173,CID-173,Street Address,TRUE,1172 Jefferson St,,Houston,TX,23789,US,,South,30.061451,-85.4797961,Generated sample address
LOC-174,CID-174,Street Address,TRUE,1173 Union St,,Orlando,FL,89678,US,,South,37.2760372,-87.3612702,Generated sample address
LOC-175,CID-175,Street Address,TRUE,1174 Spring St,,Philadelphia,PA,23456,US,,Northeast,25.3122777,-100.6152194,Generated sample address
LOC-176,CID-176,Street Address,TRUE,1175 Cedar St,Apt 26,Boston,MA,91678,US,,Northeast,41.9339514,-119.0678506,Generated sample address
LOC-177,CID-177,Street Address,TRUE,1176 Garden St,Apt 42,Milwaukee,WI,89678,US,,Midwest,43.2691515,-124.6942947,Generated sample address
LOC-178,CID-178,Street Address,TRUE,1177 Mill St,,Oakland,CA,34345,US,,West Coast,37.7588141,-70.1831189,Generated sample address
LOC-179,CID-179,Street Address,TRUE,1178 Second St,,Dallas,TX,89456,US,,South,34.1726863,-69.8331062,Generated sample address
LOC-180,CID-180,Street Address,TRUE,1179 School St,,Miami,FL,56123,US,,South,45.9599905,-96.8305373,Generated sample address
LOC-181,CID-181,Street Address,TRUE,1180 Union St,,Houston,TX,56456,US,,South,28.9863994,-68.1290717,Generated sample address
LOC-182,CID-182,Street Address,TRUE,1181 Water St,Apt 2,Dallas,TX,12123,US,,South,32.0291926,-86.8920228,Generated sample address
LOC-183,CID-183,Street Address,TRUE,1182 Summit St,,Cincinnati,OH,56789,US,,Midwest,46.698424,-119.7218175,Generated sample address
LOC-184,CID-184,Street Address,TRUE,1183 Center St,Apt 42,Albuquerque,NM,78567,US,,Mountain West,38.3533338,-93.4260157,Generated sample address
LOC-185,CID-185,Street Address,TRUE,1184 First St,,Washington,DC,54321,US,,Northeast,42.077942,-69.7365066,Generated sample address
LOC-186,CID-186,Street Address,TRUE,1185 Lincoln Ave,,Portland,OR,56345,US,,West Coast,46.8307431,-114.6711782,Generated sample address
LOC-187,CID-187,Street Address,TRUE,1186 Cedar St,,Minneapolis,MN,89678,US,,Midwest,46.0561243,-114.6284663,Generated sample address
LOC-188,CID-188,Street Address,TRUE,1187 Madison Ave,,Chicago,IL,12890,US,,Midwest,46.9908703,-66.1668636,Generated sample address
LOC-189,CID-189,Street Address,TRUE,1188 High St,,Salt Lake City,UT,45123,US,,Mountain West,33.9248644,-95.7723501,Generated sample address
LOC-190,CID-190,Street Address,TRUE,1189 Summit St,,Pittsburgh,PA,86420,US,,Northeast,47.4152186,-68.2342486,Generated sample address
LOC-191,CID-191,Street Address,TRUE,1190 Church St,,Atlanta,GA,97531,US,,South,47.1509924,-73.2721531,Generated sample address
LOC-192,CID-192,Street Address,TRUE,1191 Wilson St,,Milwaukee,WI,91789,US,,Midwest,24.2316792,-91.4902497,Generated sample address
LOC-193,CID-193,Street Address,TRUE,1192 Union St,,Raleigh,NC,23912,US,,South,26.6825173,-67.0033606,Generated sample address
LOC-194,CID-194,Street Address,TRUE,1193 Garden St,,Rochester,NY,12123,US,,Northeast,31.1140413,-66.6431313,Generated sample address
LOC-195,CID-195,Street Address,TRUE,1194 Elm St,,Rochester,NY,67567,US,,Northeast,37.5825121,-95.8591672,Generated sample address
LOC-196,CID-196,Street Address,TRUE,1195 Business Park Way,,St. Louis,MO,89789,US,,Midwest,47.4640125,-74.7874754,Generated sample address
LOC-197,CID-197,Street Address,TRUE,1196 Forest Ave,,San Francisco,CA,67234,US,,West Coast,35.7005192,-113.6241275,Generated sample address
LOC-198,CID-198,Street Address,TRUE,1197 Industrial Dr,,Jacksonville,FL,13579,US,,South,26.816169,-115.4128385,Generated sample address
LOC-199,CID-199,Street Address,TRUE,1198 Broad St,,Seattle,WA,23234,US,,West Coast,35.4728618,-109.8213721,Generated sample address
LOC-200,CID-200,Street Address,TRUE,1199 Valley Rd,,San Diego,CA,23789,US,,West Coast,28.6549767,-81.5395442,Generated sample address
LOC-201,CID-201,Street Address,TRUE,1200 Liberty St,,Chicago,IL,23912,US,,Midwest,43.7691916,-91.5009079,Generated sample address
LOC-202,CID-202,Street Address,TRUE,1201 Washington St,,Philadelphia,PA,89567,US,,Northeast,42.9320688,-114.6458001,Generated sample address
LOC-203,CID-203,Street Address,TRUE,1202 Franklin St,,Boston,MA,89789,US,,Northeast,45.4036626,-72.0744771,Generated sample address
LOC-204,CID-204,Street Address,TRUE,1203 Hillside Ave,,Minneapolis,MN,45912,US,,Midwest,44.6747456,-94.5984411,Generated sample address
LOC-205,CID-205,Street Address,TRUE,1204 Executive Ave,,Kansas City,MO,12567,US,,Midwest,26.1684442,-85.5139046,Generated sample address
LOC-206,CID-206,Street Address,TRUE,1205 Adams St,,San Jose,CA,12567,US,,West Coast,28.61953,-116.7038993,Generated sample address
LOC-207,CID-207,Street Address,TRUE,1206 Adams St,,Washington,DC,45912,US,,Northeast,32.0900418,-110.3652221,Generated sample address
LOC-208,CID-208,Street Address,TRUE,1207 Industrial Dr,Suite 971,Charlotte,NC,56123,US,,South,30.5196319,-111.1042461,Generated sample address
LOC-209,CID-209,Street Address,TRUE,1208 Market St,,Phoenix,AZ,67345,US,,Mountain West,42.8439163,-68.7119455,Generated sample address
LOC-210,CID-210,Street Address,TRUE,1209 Meadow Ln,,Dallas,TX,56123,US,,South,31.548646,-82.3499308,Generated sample address
LOC-211,CID-211,Street Address,TRUE,1210 College Ave,,Rochester,NY,45456,US,,Northeast,24.2858934,-86.4326813,Generated sample address
LOC-212,CID-212,Street Address,TRUE,1211 Main St,Apt 47,Cleveland,OH,45678,US,,Midwest,41.3192148,-121.3346644,Generated sample address
LOC-213,CID-213,Street Address,TRUE,1212 Water St,,Detroit,MI,12789,US,,Midwest,26.9556212,-106.8984258,Generated sample address
LOC-214,CID-214,Street Address,TRUE,1213 Technology Blvd,,Minneapolis,MN,78567,US,,Midwest,34.1354153,-95.3512922,Generated sample address
LOC-215,CID-215,Street Address,TRUE,1214 State St,,Portland,OR,24680,US,,West Coast,46.3779592,-83.4901349,Generated sample address
LOC-216,CID-216,Street Address,TRUE,1215 Spring St,,Rochester,NY,89012,US,,Northeast,31.7744487,-118.072471,Generated sample address
LOC-217,CID-217,Street Address,TRUE,1216 Garden St,,Jacksonville,FL,56234,US,,South,46.9032596,-107.5927816,Generated sample address
LOC-218,CID-218,Street Address,TRUE,1217 Center St,,Richmond,VA,45234,US,,South,39.3656362,-112.0714125,Generated sample address
LOC-219,CID-219,Street Address,TRUE,1218 Center St,,Rochester,NY,45912,US,,Northeast,27.3392196,-115.9620517,Generated sample address
LOC-220,CID-220,Street Address,TRUE,1219 Jackson St,,Albuquerque,NM,86420,US,,Mountain West,42.6933709,-89.2614021,Generated sample address
LOC-221,CID-221,Street Address,TRUE,1220 Market St,,Long Beach,CA,45234,US,,West Coast,34.3961404,-92.595164,Generated sample address
LOC-222,CID-222,Street Address,TRUE,1221 Mountain View Dr,,Rochester,NY,34567,US,,Northeast,35.7707019,-93.2864564,Generated sample address
LOC-223,CID-223,Street Address,TRUE,1222 Summit St,,Minneapolis,MN,12567,US,,Midwest,40.602361,-112.1137143,Generated sample address
LOC-224,CID-224,Street Address,TRUE,1223 Mountain View Dr,,Cleveland,OH,45123,US,,Midwest,30.1866357,-80.4703666,Generated sample address
LOC-225,CID-225,Street Address,TRUE,1224 Elm St,,Tucson,AZ,23678,US,,Mountain West,45.8283765,-120.1696519,Generated sample address
LOC-226,CID-226,Street Address,TRUE,1225 Washington St,,Atlanta,GA,12345,US,,South,35.1686994,-83.4777986,Generated sample address
LOC-227,CID-227,Street Address,TRUE,1226 Cedar St,,Houston,TX,98765,US,,South,25.9525681,-91.7140454,Generated sample address
LOC-228,CID-228,Street Address,TRUE,1227 Sunrise Ave,,San Antonio,TX,12890,US,,South,25.5439512,-92.6886943,Generated sample address
LOC-229,CID-229,Street Address,TRUE,1228 Liberty St,,Washington,DC,67345,US,,Northeast,36.6371764,-91.2106012,Generated sample address
LOC-230,CID-230,Street Address,TRUE,1229 Main St,,Milwaukee,WI,23678,US,,Midwest,27.7463095,-105.6410594,Generated sample address
LOC-231,CID-231,Street Address,TRUE,1230 State St,,Orlando,FL,34567,US,,South,37.0085385,-118.1418387,Generated sample address
LOC-232,CID-232,Street Address,TRUE,1231 Jackson St,,Minneapolis,MN,86420,US,,Midwest,29.1350371,-90.594287,Generated sample address
LOC-233,CID-233,Street Address,TRUE,1232 Spring St,,Detroit,MI,13579,US,,Midwest,26.2735411,-94.8878541,Generated sample address
LOC-234,CID-234,Street Address,TRUE,1233 Business Park Way,,Los Angeles,CA,35791,US,,West Coast,44.2173021,-98.2474943,Generated sample address
LOC-235,CID-235,Street Address,TRUE,1234 Forest Ave,,Atlanta,GA,24680,US,,South,36.8311961,-98.0488899,Generated sample address
LOC-236,CID-236,Street Address,TRUE,1235 Maple St,,Indianapolis,IN,56456,US,,Midwest,25.4434195,-97.71968,Generated sample address
LOC-237,CID-237,Street Address,TRUE,1236 College Ave,,Boston,MA,78901,US,,Northeast,44.1728838,-82.3264753,Generated sample address
LOC-238,CID-238,Street Address,TRUE,1237 Union St,,Oklahoma City,OK,67678,US,,South,33.8987177,-76.8292597,Generated sample address
LOC-239,CID-239,Street Address,TRUE,1238 Garden St,,Richmond,VA,34789,US,,South,42.6451121,-90.8796354,Generated sample address
LOC-240,CID-240,Street Address,TRUE,1239 Second St,Apt 49,Boston,MA,45234,US,,Northeast,25.1322451,-104.6727969,Generated sample address
LOC-241,CID-241,Street Address,TRUE,1240 Madison Ave,,New York,NY,67890,US,,Northeast,25.5939978,-66.346704,Generated sample address
LOC-242,CID-242,Street Address,TRUE,1241 Park Ave,,Salt Lake City,UT,89012,US,,Mountain West,47.36457,-120.9278704,Generated sample address
LOC-243,CID-243,Street Address,TRUE,1242 Third St,,Salt Lake City,UT,12345,US,,Mountain West,47.3443891,-123.1276426,Generated sample address
LOC-244,CID-244,Street Address,TRUE,1243 Technology Blvd,,St. Louis,MO,56234,US,,Midwest,34.2216734,-79.6306483,Generated sample address
LOC-245,CID-245,Street Address,TRUE,1244 Jefferson St,,San Antonio,TX,23912,US,,South,43.1456921,-67.2783362,Generated sample address
LOC-246,CID-246,Street Address,TRUE,1245 School St,,Sacramento,CA,91789,US,,West Coast,40.1470205,-100.1986456,Generated sample address
LOC-247,CID-247,Street Address,TRUE,1246 Jackson St,,New York,NY,34912,US,,Northeast,48.821415,-102.4337025,Generated sample address
LOC-248,CID-248,Street Address,TRUE,1247 Lincoln Ave,,Richmond,VA,86420,US,,South,45.7405071,-71.5007286,Generated sample address
LOC-249,CID-249,Street Address,TRUE,1248 Commerce St,,Denver,CO,67678,US,,Mountain West,33.3911383,-84.7189091,Generated sample address
LOC-250,CID-250,Street Address,TRUE,1249 Pine St,,Sacramento,CA,56789,US,,West Coast,40.5448135,-93.1812844,Generated sample address
LOC-251,CID-251,Street Address,TRUE,1250 Wilson St,,St. Louis,MO,45234,US,,Midwest,40.3383525,-104.4815767,Generated sample address
LOC-252,CID-252,Street Address,TRUE,1251 Roosevelt Ave,,Oklahoma City,OK,86420,US,,South,28.4618407,-93.3017493,Generated sample address
LOC-253,CID-253,Street Address,TRUE,1252 Wilson St,,Rochester,NY,91567,US,,Northeast,37.2210635,-82.0563697,Generated sample address
LOC-254,CID-254,Street Address,TRUE,1253 River Rd,,Cincinnati,OH,67345,US,,Midwest,29.5672554,-124.7950756,Generated sample address
LOC-255,CID-255,Street Address,TRUE,1254 College Ave,,San Francisco,CA,45456,US,,West Coast,24.5683832,-107.3965837,Generated sample address
LOC-256,CID-256,Street Address,TRUE,1255 Market St,Apt 15,St. Louis,MO,91234,US,,Midwest,40.8374964,-92.877725,Generated sample address
LOC-257,CID-257,Street Address,TRUE,1256 Business Park Way,,Milwaukee,WI,34912,US,,Midwest,37.2983402,-76.4217342,Generated sample address
LOC-258,CID-258,Street Address,TRUE,1257 Mountain View Dr,,Syracuse,NY,91890,US,,Northeast,30.187801,-104.5765756,Generated sample address
LOC-259,CID-259,Street Address,TRUE,1258 First St,,Washington,DC,56456,US,,Northeast,30.8912432,-69.6927887,Generated sample address
LOC-260,CID-260,Street Address,TRUE,1259 Lake St,,Buffalo,NY,34890,US,,Northeast,42.1255986,-118.3421663,Generated sample address
LOC-261,CID-261,Street Address,TRUE,1260 Washington St,,Kansas City,MO,23789,US,,Midwest,44.2369546,-100.2648047,Generated sample address
LOC-262,CID-262,Street Address,TRUE,1261 Valley Rd,,San Jose,CA,56234,US,,West Coast,43.1513367,-72.8583593,Generated sample address
LOC-263,CID-263,Street Address,TRUE,1262 Broad St,,Miami,FL,89678,US,,South,24.3911449,-112.8411843,Generated sample address
LOC-264,CID-264,Street Address,TRUE,1263 Church St,,Orlando,FL,12678,US,,South,26.5224178,-123.0189997,Generated sample address
LOC-265,CID-265,Street Address,TRUE,1264 Roosevelt Ave,,Albany,NY,91567,US,,Northeast,38.9446224,-83.5061103,Generated sample address
LOC-266,CID-266,Street Address,TRUE,1265 Sunrise Ave,Suite 358,San Francisco,CA,45912,US,,West Coast,25.216908,-81.3080764,Generated sample address
LOC-267,CID-267,Street Address,TRUE,1266 Market St,,Long Beach,CA,67567,US,,West Coast,34.0566338,-111.1739826,Generated sample address
LOC-268,CID-268,Street Address,TRUE,1267 River Rd,,Seattle,WA,89678,US,,West Coast,29.4317303,-74.0399157,Generated sample address
LOC-269,CID-269,Street Address,TRUE,1268 School St,,Nashville,TN,56789,US,,South,25.4111009,-95.2701449,Generated sample address
LOC-270,CID-270,Street Address,TRUE,1269 High St,,Boston,MA,56456,US,,Northeast,31.2315863,-76.8686109,Generated sample address
LOC-271,CID-271,Street Address,TRUE,1270 State St,,Washington,DC,56789,US,,Northeast,42.2879371,-106.1846819,Generated sample address
LOC-272,CID-272,Street Address,TRUE,1271 Sunrise Ave,,Oakland,CA,78789,US,,West Coast,38.9479419,-85.3206178,Generated sample address
LOC-273,CID-273,Street Address,TRUE,1272 Technology Blvd,Apt 41,Detroit,MI,86420,US,,Midwest,32.0166279,-107.1958983,Generated sample address
LOC-274,CID-274,Street Address,TRUE,1273 College Ave,,Austin,TX,23912,US,,South,27.5815109,-86.047467,Generated sample address
LOC-275,CID-275,Street Address,TRUE,1274 Sunrise Ave,,Seattle,WA,12789,US,,West Coast,29.5260685,-107.2704437,Generated sample address
LOC-276,CID-276,Street Address,TRUE,1275 Jefferson St,,Long Beach,CA,45912,US,,West Coast,25.5239409,-69.037305,Generated sample address
LOC-277,CID-277,Street Address,TRUE,1276 Commerce St,,Denver,CO,67345,US,,Mountain West,45.9928473,-71.2169177,Generated sample address
LOC-278,CID-278,Street Address,TRUE,1277 Roosevelt Ave,,Columbus,OH,23912,US,,Midwest,39.6498284,-99.7951656,Generated sample address
LOC-279,CID-279,Street Address,TRUE,1278 Hill St,,Minneapolis,MN,89012,US,,Midwest,36.3905197,-67.6348761,Generated sample address
LOC-280,CID-280,Street Address,TRUE,1279 Pine St,,Charlotte,NC,45678,US,,South,47.5396602,-85.390791,Generated sample address
LOC-281,CID-281,Street Address,TRUE,1280 River Rd,,Baltimore,MD,45456,US,,Northeast,43.6451149,-106.194667,Generated sample address
LOC-282,CID-282,Street Address,TRUE,1281 Third St,,Houston,TX,67567,US,,South,34.4081158,-116.1961611,Generated sample address
LOC-283,CID-283,Street Address,TRUE,1282 Water St,,Orlando,FL,78789,US,,South,33.4115047,-80.4894503,Generated sample address
LOC-284,CID-284,Street Address,TRUE,1283 Franklin St,,Seattle,WA,23678,US,,West Coast,35.8379705,-74.888885,Generated sample address
LOC-285,CID-285,Street Address,FALSE,1284 Garden St,,Kansas City,MO,89678,US,,Midwest,31.5184105,-83.2529689,Generated sample address
LOC-286,CID-286,Street Address,TRUE,1285 Pine St,,Oklahoma City,OK,91678,US,,South,44.144404,-71.0302707,Generated sample address
LOC-287,CID-287,Street Address,TRUE,1286 Broad St,,Indianapolis,IN,56456,US,,Midwest,38.0596487,-67.9006149,Generated sample address
LOC-288,CID-288,Street Address,TRUE,1287 School St,,Miami,FL,34345,US,,South,37.932169,-117.0885277,Generated sample address
LOC-289,CID-289,Street Address,TRUE,1288 Technology Blvd,,Austin,TX,23890,US,,South,30.0714629,-113.0031327,Generated sample address
LOC-290,CID-290,Street Address,TRUE,1289 Hillside Ave,,Nashville,TN,98765,US,,South,40.1676463,-70.5886598,Generated sample address
LOC-291,CID-291,Street Address,TRUE,1290 Hill St,,Pittsburgh,PA,67678,US,,Northeast,45.1783346,-119.5446242,Generated sample address
LOC-292,CID-292,Street Address,TRUE,1291 Union St,,Albany,NY,78678,US,,Northeast,42.1146178,-113.7615845,Generated sample address
LOC-293,CID-293,Street Address,TRUE,1292 Pine St,,Detroit,MI,98765,US,,Midwest,30.7115397,-85.2533567,Generated sample address
LOC-294,CID-294,Street Address,TRUE,1293 Garden St,,Orlando,FL,34345,US,,South,39.0730511,-73.4563929,Generated sample address
LOC-295,CID-295,Street Address,TRUE,1294 State St,,San Diego,CA,89567,US,,West Coast,28.7040823,-80.0599114,Generated sample address
LOC-296,CID-296,Street Address,TRUE,1295 Main St,,Philadelphia,PA,35791,US,,Northeast,42.107631,-92.0278219,Generated sample address
LOC-297,CID-297,Street Address,TRUE,1296 Commerce St,,Denver,CO,13579,US,,Mountain West,35.9848552,-73.7010428,Generated sample address
LOC-298,CID-298,Street Address,TRUE,1297 Jackson St,,Orlando,FL,56345,US,,South,32.3241078,-68.5358341,Generated sample address
LOC-299,CID-299,Street Address,TRUE,1298 Commerce St,,San Jose,CA,23234,US,,West Coast,24.3833427,-69.707574,Generated sample address
LOC-300,CID-300,Street Address,TRUE,1299 Business Park Way,,Cincinnati,OH,89456,US,,Midwest,48.0519389,-118.0783442,Generated sample address
LOC-301,CID-301,Street Address,TRUE,1300 Liberty St,,Pittsburgh,PA,45456,US,,Northeast,48.9893002,-96.7436683,Generated sample address
LOC-302,CID-302,Street Address,TRUE,1301 Sunset Ave,Suite 746,San Francisco,CA,56345,US,,West Coast,30.0648295,-89.3403095,Generated sample address
LOC-303,CID-303,Street Address,TRUE,1302 Business Park Way,,San Antonio,TX,78901,US,,South,29.1128286,-71.0075389,Generated sample address
LOC-304,CID-304,Street Address,TRUE,1303 Mill St,,San Diego,CA,56456,US,,West Coast,37.8019823,-79.244681,Generated sample address
LOC-305,CID-305,Street Address,TRUE,1304 Elm St,,Oklahoma City,OK,23456,US,,South,33.5165436,-93.5146425,Generated sample address
LOC-306,CID-306,Street Address,TRUE,1305 Oak Ave,,San Francisco,CA,45890,US,,West Coast,32.9814889,-109.567864,Generated sample address
LOC-307,CID-307,Street Address,TRUE,1306 Roosevelt Ave,,Tampa,FL,78345,US,,South,36.8204135,-95.6606397,Generated sample address
LOC-308,CID-308,Street Address,TRUE,1307 Adams St,,Cleveland,OH,12678,US,,Midwest,26.4652058,-67.102211,Generated sample address
LOC-309,CID-309,Street Address,TRUE,1308 Riverside Dr,,Phoenix,AZ,23456,US,,Mountain West,35.7372606,-75.4558603,Generated sample address
LOC-310,CID-310,Street Address,TRUE,1309 University Dr,,Charlotte,NC,56345,US,,South,46.8582625,-103.1284096,Generated sample address
LOC-311,CID-311,Street Address,TRUE,1310 Valley Rd,,Kansas City,MO,35791,US,,Midwest,34.3482543,-91.8110411,Generated sample address
LOC-312,CID-312,Street Address,TRUE,1311 Liberty St,,Dallas,TX,45912,US,,South,29.5318525,-116.3905599,Generated sample address
LOC-313,CID-313,Street Address,TRUE,1312 Main St,,Chicago,IL,56567,US,,Midwest,30.5193527,-69.8492632,Generated sample address
LOC-314,CID-314,Street Address,TRUE,1313 Sunset Ave,,Salt Lake City,UT,13579,US,,Mountain West,38.4785732,-100.3628937,Generated sample address
LOC-315,CID-315,Street Address,TRUE,1314 Center St,,Kansas City,MO,34789,US,,Midwest,27.8102853,-105.5379481,Generated sample address
LOC-316,CID-316,Street Address,TRUE,1315 Mill St,,Rochester,NY,91234,US,,Northeast,33.4959944,-75.8315998,Generated sample address
LOC-317,CID-317,Street Address,TRUE,1316 Wilson St,,Tucson,AZ,89456,US,,Mountain West,36.4825371,-86.37813,Generated sample address
LOC-318,CID-318,Street Address,TRUE,1317 Elm St,,Austin,TX,89456,US,,South,41.1211653,-109.8177213,Generated sample address
LOC-319,CID-319,Street Address,TRUE,1318 Forest Ave,,San Antonio,TX,12890,US,,South,44.5397985,-67.9760122,Generated sample address
LOC-320,CID-320,Street Address,TRUE,1319 Industrial Dr,Suite 985,Raleigh,NC,12567,US,,South,40.0423614,-96.0548606,Generated sample address
LOC-321,CID-321,Street Address,TRUE,1320 Business Park Way,,Baltimore,MD,56789,US,,Northeast,28.2058411,-78.0964447,Generated sample address
LOC-322,CID-322,Street Address,TRUE,1321 Summit St,,Detroit,MI,12123,US,,Midwest,28.2316428,-82.5015017,Generated sample address
LOC-323,CID-323,Street Address,TRUE,1322 Roosevelt Ave,,Albuquerque,NM,45123,US,,Mountain West,36.207908,-70.902936,Generated sample address
LOC-324,CID-324,Street Address,TRUE,1323 Jefferson St,,New York,NY,45678,US,,Northeast,37.5534214,-87.1332417,Generated sample address
LOC-325,CID-325,Street Address,TRUE,1324 Business Park Way,,Washington,DC,34123,US,,Northeast,25.4683013,-123.0043983,Generated sample address
LOC-326,CID-326,Street Address,TRUE,1325 Business Park Way,Apt 41,Oakland,CA,67456,US,,West Coast,45.1674346,-69.2339014,Generated sample address
LOC-327,CID-327,Street Address,TRUE,1326 Commerce St,,San Francisco,CA,34789,US,,West Coast,40.7053886,-79.9040082,Generated sample address
LOC-328,CID-328,Street Address,TRUE,1327 First St,,Kansas City,MO,78345,US,,Midwest,34.3098056,-75.2898617,Generated sample address
LOC-329,CID-329,Street Address,TRUE,1328 Park Ave,,San Antonio,TX,45890,US,,South,29.7858348,-83.2769957,Generated sample address
LOC-330,CID-330,Street Address,TRUE,1329 Washington St,,Tucson,AZ,15975,US,,Mountain West,24.2285365,-95.1617577,Generated sample address
LOC-331,CID-331,Street Address,TRUE,1330 High St,,Cleveland,OH,78456,US,,Midwest,33.3300173,-88.5477211,Generated sample address
LOC-332,CID-332,Street Address,TRUE,1331 Church St,,Dallas,TX,67678,US,,South,40.6688682,-88.6253577,Generated sample address
LOC-333,CID-333,Street Address,TRUE,1332 Hill St,,San Antonio,TX,45234,US,,South,36.0801038,-96.2165913,Generated sample address
LOC-334,CID-334,Street Address,TRUE,1333 Meadow Ln,,Long Beach,CA,45912,US,,West Coast,24.1653089,-92.4530299,Generated sample address
LOC-335,CID-335,Street Address,TRUE,1334 Pine St,,Washington,DC,78901,US,,Northeast,24.2962742,-93.7643588,Generated sample address
LOC-336,CID-336,Street Address,TRUE,1335 Executive Ave,,Syracuse,NY,91567,US,,Northeast,30.8685184,-67.3287185,Generated sample address
LOC-337,CID-337,Street Address,TRUE,1336 Meadow Ln,Apt 26,Indianapolis,IN,78345,US,,Midwest,24.4285649,-77.023724,Generated sample address
LOC-338,CID-338,Street Address,TRUE,1337 Main St,,Dallas,TX,91678,US,,South,40.8508238,-77.4361058,Generated sample address
LOC-339,CID-339,Street Address,TRUE,1338 High St,,Syracuse,NY,45234,US,,Northeast,46.7443341,-118.6860307,Generated sample address
LOC-340,CID-340,Street Address,TRUE,1339 Garden St,,Charlotte,NC,91890,US,,South,26.4078473,-116.2150483,Generated sample address
LOC-341,CID-341,Street Address,TRUE,1340 High St,,San Diego,CA,91789,US,,West Coast,28.7983014,-93.9390969,Generated sample address
LOC-342,CID-342,Street Address,TRUE,1341 Oak Ave,,Boston,MA,45456,US,,Northeast,44.3803598,-109.2278405,Generated sample address
LOC-343,CID-343,Street Address,TRUE,1342 Market St,,Boston,MA,78901,US,,Northeast,33.9224106,-102.9899566,Generated sample address
LOC-344,CID-344,Street Address,TRUE,1343 Liberty St,,Chicago,IL,67678,US,,Midwest,34.1506852,-91.6648712,Generated sample address
LOC-345,CID-345,Street Address,TRUE,1344 Commerce St,,Nashville,TN,86420,US,,South,48.7558258,-111.6744221,Generated sample address
LOC-346,CID-346,Street Address,TRUE,1345 First St,,Atlanta,GA,67345,US,,South,41.1010406,-74.975841,Generated sample address
LOC-347,CID-347,Street Address,TRUE,1346 Adams St,,Cincinnati,OH,15975,US,,Midwest,40.343393,-74.3650696,Generated sample address
LOC-348,CID-348,Street Address,TRUE,1347 High St,,Albany,NY,45234,US,,Northeast,42.9896463,-119.4834702,Generated sample address
LOC-349,CID-349,Street Address,TRUE,1348 Sunset Ave,,Nashville,TN,34912,US,,South,33.4816006,-92.3906151,Generated sample address
LOC-350,CID-350,Street Address,TRUE,1349 Pine St,Apt 32,Nashville,TN,78567,US,,South,25.4028735,-124.4424398,Generated sample address
LOC-351,CID-351,Street Address,TRUE,1350 University Dr,Suite 479,Nashville,TN,12567,US,,South,28.2845894,-95.5083548,Generated sample address
LOC-352,CID-352,Street Address,TRUE,1351 Madison Ave,,Oklahoma City,OK,34890,US,,South,34.8477413,-78.7217977,Generated sample address
LOC-353,CID-353,Street Address,TRUE,1352 High St,,San Diego,CA,91789,US,,West Coast,38.1464157,-74.3803415,Generated sample address
LOC-354,CID-354,Street Address,TRUE,1353 Commerce St,,Tampa,FL,56789,US,,South,26.3840459,-93.838608,Generated sample address
LOC-355,CID-355,Street Address,TRUE,1354 Lincoln Ave,,Long Beach,CA,23234,US,,West Coast,25.0637939,-112.5263937,Generated sample address
LOC-356,CID-356,Street Address,TRUE,1355 Park Ave,,Albany,NY,67890,US,,Northeast,45.7029223,-72.6342959,Generated sample address
LOC-357,CID-357,Street Address,TRUE,1356 College Ave,,Portland,OR,56789,US,,West Coast,35.8875072,-122.2528437,Generated sample address
LOC-358,CID-358,Street Address,TRUE,1357 Adams St,,Oakland,CA,78678,US,,West Coast,25.8587015,-70.3904962,Generated sample address
LOC-359,CID-359,Street Address,TRUE,1358 Third St,,Washington,DC,12789,US,,Northeast,46.4827913,-91.752918,Generated sample address
LOC-360,CID-360,Street Address,TRUE,1359 Madison Ave,,Albuquerque,NM,56123,US,,Mountain West,24.8225445,-70.2027847,Generated sample address
LOC-361,CID-361,Street Address,TRUE,1360 Riverside Dr,,St. Louis,MO,12345,US,,Midwest,31.8621173,-68.2733178,Generated sample address
LOC-362,CID-362,Street Address,TRUE,1361 Pine St,,Oakland,CA,91678,US,,West Coast,38.6759026,-80.6169863,Generated sample address
LOC-363,CID-363,Street Address,TRUE,1362 Washington St,,Long Beach,CA,89678,US,,West Coast,41.817785,-101.5005348,Generated sample address
LOC-364,CID-364,Street Address,TRUE,1363 Cedar St,,Seattle,WA,67234,US,,West Coast,25.9234373,-115.4154352,Generated sample address
LOC-365,CID-365,Street Address,TRUE,1364 Adams St,Apt 17,Kansas City,MO,45890,US,,Midwest,30.0118049,-75.755617,Generated sample address
LOC-366,CID-366,Street Address,TRUE,1365 Second St,,Oakland,CA,45234,US,,West Coast,33.7289152,-72.1049797,Generated sample address
LOC-367,CID-367,Street Address,TRUE,1366 Maple St,,Baltimore,MD,13579,US,,Northeast,32.293246,-80.4190534,Generated sample address
LOC-368,CID-368,Street Address,TRUE,1367 Hillside Ave,,Jacksonville,FL,78456,US,,South,27.4987649,-66.6798005,Generated sample address
LOC-369,CID-369,Street Address,TRUE,1368 State St,,Columbus,OH,78901,US,,Midwest,42.1040893,-95.4532218,Generated sample address
LOC-370,CID-370,Street Address,TRUE,1369 First St,,Philadelphia,PA,78678,US,,Northeast,48.3580832,-121.8319105,Generated sample address
LOC-371,CID-371,Street Address,TRUE,1370 Industrial Dr,,Cleveland,OH,34789,US,,Midwest,34.9272063,-75.5181952,Generated sample address
LOC-372,CID-372,Street Address,TRUE,1371 Oak Ave,,Los Angeles,CA,56234,US,,West Coast,32.5148187,-79.6286665,Generated sample address
LOC-373,CID-373,Street Address,TRUE,1372 Mill St,,Syracuse,NY,97531,US,,Northeast,47.8714599,-101.5945201,Generated sample address
LOC-374,CID-374,Street Address,TRUE,1373 State St,Apt 39,Sacramento,CA,56567,US,,West Coast,43.3388729,-123.2520861,Generated sample address
LOC-375,CID-375,Street Address,TRUE,1374 Pine St,,Sacramento,CA,15975,US,,West Coast,30.8331757,-66.4374332,Generated sample address
LOC-376,CID-376,Street Address,TRUE,1375 Liberty St,,Kansas City,MO,12789,US,,Midwest,36.2650864,-104.0071393,Generated sample address
LOC-377,CID-377,Street Address,TRUE,1376 Union St,,St. Louis,MO,89567,US,,Midwest,47.5285711,-99.5209712,Generated sample address
LOC-378,CID-378,Street Address,TRUE,1377 River Rd,Apt 45,St. Louis,MO,23789,US,,Midwest,40.9923715,-86.0203575,Generated sample address
LOC-379,CID-379,Street Address,TRUE,1378 Maple St,,Buffalo,NY,78567,US,,Northeast,26.1423529,-88.5016625,Generated sample address
LOC-380,CID-380,Street Address,TRUE,1379 Sunrise Ave,,Philadelphia,PA,34345,US,,Northeast,43.9513793,-82.9265966,Generated sample address
LOC-381,CID-381,Street Address,TRUE,1380 State St,,Albuquerque,NM,12678,US,,Mountain West,26.0509502,-115.9009631,Generated sample address
LOC-382,CID-382,Street Address,TRUE,1381 School St,,Raleigh,NC,12678,US,,South,41.7919289,-87.599848,Generated sample address
LOC-383,CID-383,Street Address,TRUE,1382 Market St,,Richmond,VA,45890,US,,South,42.4913822,-106.3159845,Generated sample address
LOC-384,CID-384,Street Address,TRUE,1383 High St,,Denver,CO,91789,US,,Mountain West,26.6637729,-124.6934819,Generated sample address
LOC-385,CID-385,Street Address,TRUE,1384 Third St,Apt 28,San Jose,CA,12123,US,,West Coast,31.7066864,-103.7648677,Generated sample address
LOC-386,CID-386,Street Address,TRUE,1385 Elm St,,Baltimore,MD,45234,US,,Northeast,30.7441611,-117.1820867,Generated sample address
LOC-387,CID-387,Street Address,TRUE,1386 Cedar St,,Indianapolis,IN,56789,US,,Midwest,28.6847946,-98.5182231,Generated sample address
LOC-388,CID-388,Street Address,TRUE,1387 Sunrise Ave,,Indianapolis,IN,56123,US,,Midwest,37.8685,-100.9253937,Generated sample address
LOC-389,CID-389,Street Address,TRUE,1388 Water St,,Tampa,FL,34345,US,,South,24.6565476,-104.119057,Generated sample address
LOC-390,CID-390,Street Address,TRUE,1389 Mountain View Dr,,Richmond,VA,34345,US,,South,26.3266065,-89.7154159,Generated sample address
LOC-391,CID-391,Street Address,TRUE,1390 Second St,,San Antonio,TX,45123,US,,South,32.1107583,-102.2709629,Generated sample address
LOC-392,CID-392,Street Address,TRUE,1391 Elm St,,Milwaukee,WI,78456,US,,Midwest,31.2961838,-102.119826,Generated sample address
LOC-393,CID-393,Street Address,TRUE,1392 Industrial Dr,,Minneapolis,MN,78901,US,,Midwest,26.1174879,-71.8329734,Generated sample address
LOC-394,CID-394,Street Address,TRUE,1393 Center St,,Indianapolis,IN,78345,US,,Midwest,46.6301894,-67.2877892,Generated sample address
LOC-395,CID-395,Street Address,TRUE,1394 Franklin St,,Milwaukee,WI,78901,US,,Midwest,38.2990108,-114.9946075,Generated sample address
LOC-396,CID-396,Street Address,TRUE,1395 Sunrise Ave,,Boston,MA,56345,US,,Northeast,33.5183006,-116.8084365,Generated sample address
LOC-397,CID-397,Street Address,TRUE,1396 Sunrise Ave,,Portland,OR,45123,US,,West Coast,31.5282816,-95.9056874,Generated sample address
LOC-398,CID-398,Street Address,TRUE,1397 Technology Blvd,,Houston,TX,54321,US,,South,25.5816788,-99.3541001,Generated sample address
LOC-399,CID-399,Street Address,TRUE,1398 Technology Blvd,,Washington,DC,34789,US,,Northeast,34.5275585,-96.4303525,Generated sample address
LOC-400,CID-400,Street Address,TRUE,1399 Center St,,Seattle,WA,34567,US,,West Coast,25.923034,-110.1497155,Generated sample address
LOC-401,CID-401,Street Address,TRUE,1400 Forest Ave,Suite 858,Albany,NY,91567,US,,Northeast,30.1647517,-88.1230124,Generated sample address
LOC-402,CID-402,Street Address,TRUE,1401 Liberty St,,Portland,OR,24680,US,,West Coast,38.84516,-113.4626547,Generated sample address
LOC-403,CID-403,Street Address,TRUE,1402 Madison Ave,,Charlotte,NC,12678,US,,South,26.6743092,-107.0251783,Generated sample address
LOC-404,CID-404,Street Address,TRUE,1403 Church St,,Jacksonville,FL,34789,US,,South,47.7205866,-105.3991843,Generated sample address
LOC-405,CID-405,Street Address,TRUE,1404 Hillside Ave,Suite 153,Milwaukee,WI,45123,US,,Midwest,39.5048047,-77.5594887,Generated sample address
LOC-406,CID-406,Street Address,TRUE,1405 Pine St,,Salt Lake City,UT,56456,US,,Mountain West,32.2385429,-105.2505628,Generated sample address
LOC-407,CID-407,Street Address,TRUE,1406 Business Park Way,,San Jose,CA,12567,US,,West Coast,44.3868868,-74.2890004,Generated sample address
LOC-408,CID-408,Street Address,TRUE,1407 Mill St,,Detroit,MI,45123,US,,Midwest,48.3556344,-116.9686562,Generated sample address
LOC-409,CID-409,Street Address,TRUE,1408 Franklin St,,Las Vegas,NV,56456,US,,Mountain West,32.0166289,-69.1105436,Generated sample address
LOC-410,CID-410,Street Address,FALSE,1409 Center St,,Richmond,VA,86420,US,,South,29.0212872,-106.4631864,Generated sample address
LOC-411,CID-411,Street Address,TRUE,1410 Business Park Way,,Kansas City,MO,67345,US,,Midwest,48.1143656,-67.8452119,Generated sample address
LOC-412,CID-412,Street Address,TRUE,1411 Wilson St,,San Francisco,CA,78901,US,,West Coast,31.2862038,-83.9974917,Generated sample address
LOC-413,CID-413,Street Address,TRUE,1412 College Ave,,Los Angeles,CA,12345,US,,West Coast,36.2751828,-91.0231224,Generated sample address
LOC-414,CID-414,Street Address,TRUE,1413 Madison Ave,,Oakland,CA,56456,US,,West Coast,30.0606074,-102.8127372,Generated sample address
LOC-415,CID-415,Street Address,TRUE,1414 Market St,,Long Beach,CA,12345,US,,West Coast,44.4123629,-101.8168273,Generated sample address
LOC-416,CID-416,Street Address,TRUE,1415 Mill St,,Phoenix,AZ,15975,US,,Mountain West,26.8471956,-91.73282,Generated sample address
LOC-417,CID-417,Street Address,TRUE,1416 Corporate Dr,,Albuquerque,NM,78456,US,,Mountain West,38.8056759,-92.807884,Generated sample address
LOC-418,CID-418,Street Address,FALSE,1417 Industrial Dr,,Tampa,FL,13579,US,,South,41.0428158,-92.5441497,Generated sample address
LOC-419,CID-419,Street Address,TRUE,1418 Summit St,Apt 5,San Francisco,CA,23789,US,,West Coast,47.8251153,-97.7642889,Generated sample address
LOC-420,CID-420,Street Address,TRUE,1419 Market St,,Milwaukee,WI,23789,US,,Midwest,41.7091763,-99.1311577,Generated sample address
LOC-421,CID-421,Street Address,TRUE,1420 Corporate Dr,,New York,NY,12678,US,,Northeast,31.2832802,-84.1227185,Generated sample address
LOC-422,CID-422,Street Address,TRUE,1421 Spring St,,Portland,OR,45890,US,,West Coast,44.4741392,-78.0562467,Generated sample address
LOC-423,CID-423,Street Address,TRUE,1422 University Dr,,Chicago,IL,12123,US,,Midwest,34.2285398,-95.5411103,Generated sample address
LOC-424,CID-424,Street Address,TRUE,1423 High St,,San Jose,CA,23789,US,,West Coast,39.833401,-110.7207511,Generated sample address
LOC-425,CID-425,Street Address,TRUE,1424 Adams St,,Richmond,VA,34912,US,,South,40.4665742,-82.8010529,Generated sample address
LOC-426,CID-426,Street Address,TRUE,1425 Park Ave,,Raleigh,NC,34345,US,,South,43.7269191,-120.636057,Generated sample address
LOC-427,CID-427,Street Address,TRUE,1426 Broad St,,Albuquerque,NM,56123,US,,Mountain West,48.7675154,-96.7251527,Generated sample address
LOC-428,CID-428,Street Address,TRUE,1427 Third St,,Columbus,OH,67456,US,,Midwest,34.0201274,-95.1098541,Generated sample address
LOC-429,CID-429,Street Address,TRUE,1428 River Rd,,Tucson,AZ,56567,US,,Mountain West,47.0098046,-84.1891769,Generated sample address
LOC-430,CID-430,Street Address,TRUE,1429 Center St,,Philadelphia,PA,91890,US,,Northeast,37.5911301,-78.3474659,Generated sample address
LOC-431,CID-431,Street Address,TRUE,1430 Pine St,,Austin,TX,97531,US,,South,32.9882373,-72.1654106,Generated sample address
LOC-432,CID-432,Street Address,TRUE,1431 Lincoln Ave,,Phoenix,AZ,45123,US,,Mountain West,37.4226497,-87.3473583,Generated sample address
LOC-433,CID-433,Street Address,TRUE,1432 Mountain View Dr,,Buffalo,NY,13579,US,,Northeast,26.1245484,-79.6317112,Generated sample address
LOC-434,CID-434,Street Address,TRUE,1433 Hillside Ave,,New York,NY,67345,US,,Northeast,40.4400411,-104.0544797,Generated sample address
LOC-435,CID-435,Street Address,TRUE,1434 Forest Ave,,Washington,DC,34912,US,,Northeast,40.1749962,-122.3864951,Generated sample address
LOC-436,CID-436,Street Address,TRUE,1435 Forest Ave,,Buffalo,NY,67456,US,,Northeast,48.5902051,-85.0291581,Generated sample address
LOC-437,CID-437,Street Address,TRUE,1436 Market St,,New York,NY,45890,US,,Northeast,33.9904437,-80.5917161,Generated sample address
LOC-438,CID-438,Street Address,TRUE,1437 Third St,,Minneapolis,MN,34890,US,,Midwest,48.1429194,-99.6031229,Generated sample address
LOC-439,CID-439,Street Address,TRUE,1438 Riverside Dr,Suite 619,Houston,TX,34912,US,,South,24.2636943,-109.7344361,Generated sample address
LOC-440,CID-440,Street Address,TRUE,1439 Third St,,Atlanta,GA,45912,US,,South,36.766906,-94.3909318,Generated sample address
LOC-441,CID-441,Street Address,TRUE,1440 Second St,,Jacksonville,FL,12123,US,,South,38.5129574,-91.0611115,Generated sample address
LOC-442,CID-442,Street Address,TRUE,1441 Commerce St,,San Jose,CA,56345,US,,West Coast,35.1444638,-101.923084,Generated sample address
LOC-443,CID-443,Street Address,TRUE,1442 Union St,,Chicago,IL,34912,US,,Midwest,43.3085558,-90.2731926,Generated sample address
LOC-444,CID-444,Street Address,TRUE,1443 Riverside Dr,Suite 929,Baltimore,MD,56567,US,,Northeast,36.5116445,-104.6469241,Generated sample address
LOC-445,CID-445,Street Address,TRUE,1444 Forest Ave,,Buffalo,NY,45678,US,,Northeast,24.6140663,-118.8315879,Generated sample address
LOC-446,CID-446,Street Address,TRUE,1445 Hill St,,Columbus,OH,35791,US,,Midwest,34.3993857,-68.2580559,Generated sample address
LOC-447,CID-447,Street Address,TRUE,1446 State St,,San Diego,CA,89789,US,,West Coast,26.9017334,-69.5001067,Generated sample address
LOC-448,CID-448,Street Address,TRUE,1447 Broad St,,Pittsburgh,PA,24680,US,,Northeast,27.5418794,-106.5984697,Generated sample address
LOC-449,CID-449,Street Address,TRUE,1448 Washington St,,San Francisco,CA,89012,US,,West Coast,35.3833159,-112.7948278,Generated sample address
LOC-450,CID-450,Street Address,TRUE,1449 State St,,Cleveland,OH,89567,US,,Midwest,36.07315,-96.9064107,Generated sample address
LOC-451,CID-451,Street Address,TRUE,1450 High St,,Jacksonville,FL,67678,US,,South,34.9541485,-83.8909673,Generated sample address
LOC-452,CID-452,Street Address,TRUE,1451 Water St,,Orlando,FL,91789,US,,South,31.9727369,-107.2844191,Generated sample address
LOC-453,CID-453,Street Address,TRUE,1452 Riverside Dr,,New York,NY,78567,US,,Northeast,44.2546484,-118.2099693,Generated sample address
LOC-454,CID-454,Street Address,TRUE,1453 Broad St,,San Diego,CA,12789,US,,West Coast,45.2295002,-86.7697749,Generated sample address
LOC-455,CID-455,Street Address,TRUE,1454 Roosevelt Ave,,Dallas,TX,34123,US,,South,40.9284833,-115.3031085,Generated sample address
LOC-456,CID-456,Street Address,TRUE,1455 College Ave,Suite 779,Denver,CO,56123,US,,Mountain West,48.5975118,-110.6091362,Generated sample address
LOC-457,CID-457,Street Address,TRUE,1456 Pine St,,Tampa,FL,34789,US,,South,28.3613308,-115.551993,Generated sample address
LOC-458,CID-458,Street Address,TRUE,1457 Technology Blvd,,Albany,NY,91567,US,,Northeast,37.9962238,-68.4507053,Generated sample address
LOC-459,CID-459,Street Address,TRUE,1458 Corporate Dr,,San Jose,CA,34789,US,,West Coast,29.7963887,-101.1022013,Generated sample address
LOC-460,CID-460,Street Address,TRUE,1459 Commerce St,,Orlando,FL,91890,US,,South,28.6112944,-87.2117463,Generated sample address
LOC-461,CID-461,Street Address,TRUE,1460 Technology Blvd,,Baltimore,MD,91789,US,,Northeast,34.8033613,-123.2776558,Generated sample address
LOC-462,CID-462,Street Address,TRUE,1461 Park Ave,,Buffalo,NY,89678,US,,Northeast,39.3526734,-113.3578583,Generated sample address
LOC-463,CID-463,Street Address,TRUE,1462 High St,,Portland,OR,78345,US,,West Coast,38.805079,-102.058689,Generated sample address
LOC-464,CID-464,Street Address,TRUE,1463 Madison Ave,,Orlando,FL,67567,US,,South,41.6183904,-112.8587157,Generated sample address
LOC-465,CID-465,Street Address,TRUE,1464 Jefferson St,Apt 7,Oakland,CA,35791,US,,West Coast,42.8081374,-77.2849425,Generated sample address
LOC-466,CID-466,Street Address,TRUE,1465 River Rd,,Cincinnati,OH,12123,US,,Midwest,25.5640938,-118.9966291,Generated sample address
LOC-467,CID-467,Street Address,TRUE,1466 Lake St,,San Francisco,CA,89678,US,,West Coast,45.7994833,-113.9693697,Generated sample address
LOC-468,CID-468,Street Address,TRUE,1467 Hillside Ave,,Boston,MA,15975,US,,Northeast,32.1496228,-98.0045251,Generated sample address
LOC-469,CID-469,Street Address,TRUE,1468 Pine St,,Salt Lake City,UT,34567,US,,Mountain West,30.5588349,-74.1044437,Generated sample address
LOC-470,CID-470,Street Address,TRUE,1469 Hillside Ave,,Boston,MA,89789,US,,Northeast,37.1928755,-87.2925934,Generated sample address
LOC-471,CID-471,Street Address,TRUE,1470 Executive Ave,,Oklahoma City,OK,98765,US,,South,38.9242707,-88.9328032,Generated sample address
LOC-472,CID-472,Street Address,TRUE,1471 Business Park Way,,Philadelphia,PA,89012,US,,Northeast,38.6751179,-104.4724464,Generated sample address
LOC-473,CID-473,Street Address,TRUE,1472 University Dr,,San Antonio,TX,56456,US,,South,45.1379451,-88.5756019,Generated sample address
LOC-474,CID-474,Street Address,TRUE,1473 State St,,Albuquerque,NM,91678,US,,Mountain West,44.3434564,-83.3466867,Generated sample address
LOC-475,CID-475,Street Address,TRUE,1474 Meadow Ln,,Minneapolis,MN,56567,US,,Midwest,31.4361209,-88.7454136,Generated sample address
LOC-476,CID-476,Street Address,TRUE,1475 High St,,Syracuse,NY,23890,US,,Northeast,26.1187992,-117.0970816,Generated sample address
LOC-477,CID-477,Street Address,TRUE,1476 School St,,San Antonio,TX,67567,US,,South,26.9465413,-106.9825799,Generated sample address
LOC-478,CID-478,Street Address,TRUE,1477 Lake St,,Nashville,TN,23456,US,,South,28.576113,-84.087244,Generated sample address
LOC-479,CID-479,Street Address,TRUE,1478 Meadow Ln,,St. Louis,MO,15975,US,,Midwest,36.7706217,-100.3238927,Generated sample address
LOC-480,CID-480,Street Address,TRUE,1479 Second St,,Buffalo,NY,56234,US,,Northeast,27.4466825,-102.3611122,Generated sample address
LOC-481,CID-481,Street Address,TRUE,1480 Sunrise Ave,,San Diego,CA,23912,US,,West Coast,28.6438425,-87.5054031,Generated sample address
LOC-482,CID-482,Street Address,TRUE,1481 Maple St,,San Antonio,TX,24680,US,,South,41.3358232,-86.9296544,Generated sample address
LOC-483,CID-483,Street Address,TRUE,1482 Franklin St,,Oklahoma City,OK,56567,US,,South,48.9974888,-92.260158,Generated sample address
LOC-484,CID-484,Street Address,TRUE,1483 Mill St,,San Jose,CA,67678,US,,West Coast,36.2410507,-116.7225044,Generated sample address
LOC-485,CID-485,Street Address,TRUE,1484 State St,Apt 4,Tampa,FL,78789,US,,South,31.8645004,-98.3909427,Generated sample address
LOC-486,CID-486,Street Address,TRUE,1485 Spring St,,Columbus,OH,78345,US,,Midwest,25.3402816,-103.8166888,Generated sample address
LOC-487,CID-487,Street Address,TRUE,1486 Park Ave,Suite 201,Jacksonville,FL,78901,US,,South,24.239586,-116.9444518,Generated sample address
LOC-488,CID-488,Street Address,TRUE,1487 Corporate Dr,,Buffalo,NY,56123,US,,Northeast,44.3803985,-68.1340837,Generated sample address
LOC-489,CID-489,Street Address,TRUE,1488 Cedar St,,San Francisco,CA,23678,US,,West Coast,36.6359505,-95.796779,Generated sample address
LOC-490,CID-490,Street Address,TRUE,1489 Hill St,,Rochester,NY,12123,US,,Northeast,41.1174168,-100.4778043,Generated sample address
LOC-491,CID-491,Street Address,TRUE,1490 Corporate Dr,,Minneapolis,MN,34890,US,,Midwest,44.9972951,-96.1667288,Generated sample address
LOC-492,CID-492,Street Address,TRUE,1491 Park Ave,,Portland,OR,91234,US,,West Coast,26.0667656,-123.1792184,Generated sample address
LOC-493,CID-493,Street Address,TRUE,1492 Pine St,,Indianapolis,IN,34123,US,,Midwest,43.0264155,-107.7666953,Generated sample address
LOC-494,CID-494,Street Address,TRUE,1493 Mill St,,Long Beach,CA,67567,US,,West Coast,30.871323,-93.2810915,Generated sample address
LOC-495,CID-495,Street Address,TRUE,1494 Wilson St,,Long Beach,CA,56789,US,,West Coast,28.2052244,-98.0180382,Generated sample address
LOC-496,CID-496,Street Address,TRUE,1495 Liberty St,Apt 32,Boston,MA,45912,US,,Northeast,42.5629563,-79.8107463,Generated sample address
LOC-497,CID-497,Street Address,TRUE,1496 College Ave,,Cincinnati,OH,54321,US,,Midwest,37.7431546,-118.3205513,Generated sample address
LOC-498,CID-498,Street Address,TRUE,1497 Forest Ave,,Austin,TX,23912,US,,South,26.8551663,-79.2683314,Generated sample address
LOC-499,CID-499,Street Address,TRUE,1498 Mill St,,Seattle,WA,56345,US,,West Coast,44.5820702,-103.3551554,Generated sample address
LOC-500,CID-500,Street Address,TRUE,1499 Forest Ave,,Nashville,TN,34567,US,,South,44.5652732,-122.5449792,Generated sample address
LOC-501,CID-501,Street Address,TRUE,1500 Park Ave,Suite 638,Cleveland,OH,78345,US,,Midwest,41.974506,-92.7651568,Generated sample address
LOC-502,CID-502,Street Address,TRUE,1501 Sunset Ave,,Columbus,OH,78678,US,,Midwest,48.7443932,-118.9574301,Generated sample address
LOC-503,CID-503,Street Address,TRUE,1502 Sunrise Ave,,Portland,OR,89456,US,,West Coast,44.7517679,-80.6706158,Generated sample address
LOC-504,CID-504,Street Address,TRUE,1503 First St,,New York,NY,89456,US,,Northeast,31.4427234,-66.0405525,Generated sample address
LOC-505,CID-505,Street Address,TRUE,1504 Jackson St,,Baltimore,MD,54321,US,,Northeast,35.2433086,-104.4339584,Generated sample address
LOC-506,CID-506,Street Address,TRUE,1505 Third St,,Tampa,FL,89012,US,,South,44.4182146,-99.0948757,Generated sample address
LOC-507,CID-507,Street Address,TRUE,1506 Liberty St,,San Diego,CA,67567,US,,West Coast,48.8489421,-79.2377327,Generated sample address
LOC-508,CID-508,Street Address,TRUE,1507 Mountain View Dr,Suite 659,Orlando,FL,15975,US,,South,29.9236514,-77.1685397,Generated sample address
LOC-509,CID-509,Street Address,TRUE,1508 Broad St,,Buffalo,NY,34567,US,,Northeast,38.6980974,-104.3127804,Generated sample address
LOC-510,CID-510,Street Address,TRUE,1509 Business Park Way,,Chicago,IL,12890,US,,Midwest,41.768849,-87.6665328,Generated sample address
LOC-511,CID-511,Street Address,TRUE,1510 Washington St,,Oakland,CA,13579,US,,West Coast,28.1495404,-116.785137,Generated sample address
LOC-512,CID-512,Street Address,TRUE,1511 School St,,San Francisco,CA,23678,US,,West Coast,29.1654914,-112.7903795,Generated sample address
LOC-513,CID-513,Street Address,TRUE,1512 Riverside Dr,Suite 417,Tucson,AZ,45456,US,,Mountain West,25.4839458,-104.3018867,Generated sample address
