PurchaseOrderItemID,PurchaseOrderID,PurchaseOrderNumber,ProductID,ProductName,ProductCategory,QuantityOrdered,QuantityReceived,UnitCost,LineTotal,Status,ExpectedDate,ReceivedDate,Notes,CreatedBy,CreatedDate
1,1,PO-2026-0001,1563,CompactCook Camping Stove,Camping,3,3.0,63.62,190.86,Received,2026-04-14,2026-04-15,Supplier SKU: CON-1563,system,2026-04-02
2,1,PO-2026-0001,1572,MountainDream Sleeping Bag,Camping,112,112.0,223.02,24978.24,Received,2026-04-14,2026-04-15,Supplier SKU: CON-1572,system,2026-04-02
3,2,PO-2026-0002,3062,Anti-Fog Ski Goggles,Ski,37,37.0,103.64,3834.68,Received,2026-03-08,2026-03-08,Supplier SKU: ALP-3062,system,2026-02-23
4,2,PO-2026-0002,3032,Comfort Fit Recreational Boots,Ski,176,163.0,309.3,54436.8,Backordered,2026-03-08,2026-03-08,Supplier SKU: ALP-3032,system,2026-02-23
5,3,PO-2026-0003,3062,Anti-Fog Ski Goggles,Ski,4,4.0,86.65,346.6,Received,2026-02-13,2026-02-13,Supplier SKU: FAB-3062,system,2026-02-01
6,3,PO-2026-0003,3021,Nordic Classic XC Skis - 185cm,Ski,65,65.0,263.35,17117.75,Received,2026-02-13,2026-02-13,Supplier SKU: FAB-3021,system,2026-02-01
7,3,PO-2026-0003,3081,All-Temp Ski Wax Kit,Ski,1,1.0,65.83,65.83,Received,2026-02-13,2026-02-13,Supplier SKU: FAB-3081,system,2026-02-01
8,4,PO-2026-0004,3091,Freestyle Snowboard - 155cm,Ski,95,95.0,449.2,42674.0,Received,2026-02-28,2026-03-02,Supplier SKU: WOR-3091,system,2026-02-04
9,4,PO-2026-0004,1562,PowerBurner Camping Stove,Camping,33,33.0,136.07,4490.31,Received,2026-02-28,2026-03-02,Supplier SKU: WOR-1562,system,2026-02-04
10,4,PO-2026-0004,3104,Ski Tuning Bench - Portable,Ski,38,38.0,152.16,5782.08,Received,2026-02-28,2026-03-02,Supplier SKU: WOR-3104,system,2026-02-04
11,4,PO-2026-0004,2111,High-Speed Blender,Kitchen,15,15.0,164.8,2472.0,Received,2026-02-28,2026-03-02,Supplier SKU: WOR-2111,system,2026-02-04
12,4,PO-2026-0004,1563,CompactCook Camping Stove,Camping,3,3.0,63.24,189.72,Received,2026-02-28,2026-03-02,Supplier SKU: WOR-1563,system,2026-02-04
13,5,PO-2026-0005,2071,Baking Pan,Kitchen,184,184.0,23.09,4248.56,Received,2026-04-24,2026-04-26,Supplier SKU: PRO-2071,system,2026-04-16
14,5,PO-2026-0005,2012,Espresso Machine,Kitchen,24,24.0,285.82,6859.68,Received,2026-04-24,2026-04-26,Supplier SKU: PRO-2012,system,2026-04-16
15,5,PO-2026-0005,2031,Coffee Mug,Kitchen,60,60.0,22.75,1365.0,Received,2026-04-24,2026-04-26,Supplier SKU: PRO-2031,system,2026-04-16
16,6,PO-2026-0006,1571,CozyNights Sleeping Bag,Camping,93,93.0,126.79,11791.47,Received,2026-04-22,2026-04-22,Supplier SKU: WOR-1571,system,2026-03-30
17,7,PO-2026-0007,1571,CozyNights Sleeping Bag,Camping,187,187.0,126.79,23709.73,Received,2026-04-18,2026-04-21,Supplier SKU: WOR-1571,system,2026-03-25
18,7,PO-2026-0007,2111,High-Speed Blender,Kitchen,42,42.0,164.8,6921.6,Received,2026-04-18,2026-04-21,Supplier SKU: WOR-2111,system,2026-03-25
19,7,PO-2026-0007,3104,Ski Tuning Bench - Portable,Ski,30,30.0,152.16,4564.8,Received,2026-04-18,2026-04-21,Supplier SKU: WOR-3104,system,2026-03-25
20,7,PO-2026-0007,2121,Bamboo Cutting Board Set,Kitchen,1,1.0,37.42,37.42,Received,2026-04-18,2026-04-21,Supplier SKU: WOR-2121,system,2026-03-25
21,7,PO-2026-0007,3011,Alpine Pro Racing Skis - 170cm,Ski,5,5.0,1047.55,5237.75,Received,2026-04-18,2026-04-21,Supplier SKU: WOR-3011,system,2026-03-25
22,8,PO-2026-0008,3041,Carbon Fiber Racing Poles - 120cm,Ski,4,4.0,130.35,521.4,Received,2026-02-28,2026-03-03,Supplier SKU: ALP-3041,system,2026-02-17
23,8,PO-2026-0008,3062,Anti-Fog Ski Goggles,Ski,56,56.0,103.64,5803.84,Received,2026-02-28,2026-03-03,Supplier SKU: ALP-3062,system,2026-02-17
24,8,PO-2026-0008,3033,Women's Performance Ski Boots,Ski,1,1.0,376.2,376.2,Received,2026-02-28,2026-03-03,Supplier SKU: ALP-3033,system,2026-02-17
25,9,PO-2026-0009,1521,Adventurer Pro Backpack,Camping,4,4.0,114.97,459.88,Received,2026-03-18,2026-03-18,Supplier SKU: CON-1521,system,2026-03-08
26,9,PO-2026-0009,1551,BaseCamp Folding Table,Camping,109,109.0,71.85,7831.65,Received,2026-03-18,2026-03-18,Supplier SKU: CON-1551,system,2026-03-08
27,9,PO-2026-0009,1511,Alpine Explorer Tent,Camping,53,53.0,319.45,16930.85,Received,2026-03-18,2026-03-18,Supplier SKU: CON-1511,system,2026-03-08
28,9,PO-2026-0009,1533,RainGuard Hiking Jacket,Camping,133,133.0,135.73,18052.09,Received,2026-03-18,2026-03-18,Supplier SKU: CON-1533,system,2026-03-08
29,9,PO-2026-0009,1532,TrailBlaze Hiking Pants,Camping,5,5.0,64.18,320.9,Received,2026-03-18,2026-03-18,Supplier SKU: CON-1532,system,2026-03-08
30,10,PO-2026-0010,3021,Nordic Classic XC Skis - 185cm,Ski,53,,263.35,13957.55,Shipped,2026-03-15,,Supplier SKU: FAB-3021,system,2026-02-27
31,11,PO-2026-0011,2061,Mixing Bowl,Kitchen,24,24.0,29.75,714.0,Received,2026-04-23,2026-04-23,Supplier SKU: PRO-2061,system,2026-04-11
32,11,PO-2026-0011,2021,Chef Knife,Kitchen,32,32.0,64.53,2064.96,Received,2026-04-23,2026-04-23,Supplier SKU: PRO-2021,system,2026-04-11
33,11,PO-2026-0011,2091,Spatula,Kitchen,48,48.0,8.02,384.96,Received,2026-04-23,2026-04-23,Supplier SKU: PRO-2091,system,2026-04-11
34,11,PO-2026-0011,2112,4-Slice Toaster,Kitchen,131,131.0,67.04,8782.24,Received,2026-04-23,2026-04-23,Supplier SKU: PRO-2112,system,2026-04-11
35,11,PO-2026-0011,2111,High-Speed Blender,Kitchen,234,234.0,143.0,33462.0,Received,2026-04-23,2026-04-23,Supplier SKU: PRO-2111,system,2026-04-11
36,12,PO-2026-0012,3011,Alpine Pro Racing Skis - 170cm,Ski,223,,972.91,216958.93,Shipped,2026-05-03,,Supplier SKU: ALP-3011,system,2026-04-17
37,12,PO-2026-0012,3061,Professional Ski Helmet,Ski,75,,121.49,9111.75,Shipped,2026-05-03,,Supplier SKU: ALP-3061,system,2026-04-17
38,12,PO-2026-0012,3013,Beginner's Choice Alpine Skis - 160cm,Ski,128,,324.01,41473.28,Shipped,2026-05-03,,Supplier SKU: ALP-3013,system,2026-04-17
39,13,PO-2026-0013,3071,Ski Boot Bag - Premium,Ski,136,136.0,42.02,5714.72,Received,2026-03-17,2026-03-17,Supplier SKU: ALP-3071,system,2026-02-28
40,13,PO-2026-0013,3092,All-Mountain Snowboard - 158cm,Ski,88,88.0,498.01,43824.88,Received,2026-03-17,2026-03-17,Supplier SKU: ALP-3092,system,2026-02-28
41,13,PO-2026-0013,3061,Professional Ski Helmet,Ski,97,97.0,121.49,11784.53,Received,2026-03-17,2026-03-17,Supplier SKU: ALP-3061,system,2026-02-28
42,14,PO-2026-0014,3062,Anti-Fog Ski Goggles,Ski,1,0.0,86.65,86.65,Backordered,2026-04-25,2026-04-25,Supplier SKU: FAB-3062,system,2026-04-06
43,14,PO-2026-0014,3081,All-Temp Ski Wax Kit,Ski,5,4.0,65.83,329.15,Backordered,2026-04-25,2026-04-25,Supplier SKU: FAB-3081,system,2026-04-06
44,14,PO-2026-0014,3021,Nordic Classic XC Skis - 185cm,Ski,100,82.0,263.35,26335.0,Backordered,2026-04-25,2026-04-25,Supplier SKU: FAB-3021,system,2026-04-06
45,15,PO-2026-0015,3081,All-Temp Ski Wax Kit,Ski,2,2.0,65.83,131.66,Received,2026-02-28,2026-03-02,Supplier SKU: FAB-3081,system,2026-02-13
46,15,PO-2026-0015,3021,Nordic Classic XC Skis - 185cm,Ski,132,132.0,263.35,34762.2,Received,2026-02-28,2026-03-02,Supplier SKU: FAB-3021,system,2026-02-13
47,15,PO-2026-0015,3062,Anti-Fog Ski Goggles,Ski,3,3.0,86.65,259.95,Received,2026-02-28,2026-03-02,Supplier SKU: FAB-3062,system,2026-02-13
48,16,PO-2026-0016,3071,Ski Boot Bag - Premium,Ski,153,153.0,42.02,6429.06,Received,2026-02-18,2026-02-20,Supplier SKU: ALP-3071,system,2026-02-02
49,16,PO-2026-0016,3072,Hand Warmers - 10 Pack,Ski,38,38.0,11.62,441.56,Received,2026-02-18,2026-02-20,Supplier SKU: ALP-3072,system,2026-02-02
50,16,PO-2026-0016,3011,Alpine Pro Racing Skis - 170cm,Ski,225,225.0,972.91,218904.75,Received,2026-02-18,2026-02-20,Supplier SKU: ALP-3011,system,2026-02-02
51,17,PO-2026-0017,2112,4-Slice Toaster,Kitchen,210,,67.04,14078.4,Shipped,2026-05-03,,Supplier SKU: PRO-2112,system,2026-04-23
52,17,PO-2026-0017,2091,Spatula,Kitchen,36,,8.02,288.72,Shipped,2026-05-03,,Supplier SKU: PRO-2091,system,2026-04-23
53,17,PO-2026-0017,2081,Food Storage Set,Kitchen,4,,24.64,98.56,Shipped,2026-05-03,,Supplier SKU: PRO-2081,system,2026-04-23
54,17,PO-2026-0017,2111,High-Speed Blender,Kitchen,121,,143.0,17303.0,Shipped,2026-05-03,,Supplier SKU: PRO-2111,system,2026-04-23
55,17,PO-2026-0017,2121,Bamboo Cutting Board Set,Kitchen,88,,31.18,2743.84,Shipped,2026-05-03,,Supplier SKU: PRO-2121,system,2026-04-23
56,18,PO-2026-0018,1552,TrekMaster Camping Chair,Camping,200,,57.02,11404.0,Shipped,2026-05-05,,Supplier SKU: CON-1552,system,2026-04-27
57,19,PO-2026-0019,3051,Insulated Ski Jacket - Men's,Ski,76,,205.78,15639.28,Shipped,2026-02-28,,Supplier SKU: ALP-3051,system,2026-02-12
58,20,PO-2026-0020,2031,Coffee Mug,Kitchen,35,35.0,22.75,796.25,Received,2026-03-05,2026-03-05,Supplier SKU: PRO-2031,system,2026-02-20
59,20,PO-2026-0020,2101,Measuring Cup Set,Kitchen,92,85.0,13.62,1253.04,Backordered,2026-03-05,2026-03-05,Supplier SKU: PRO-2101,system,2026-02-20
60,20,PO-2026-0020,2061,Mixing Bowl,Kitchen,7,7.0,29.75,208.25,Received,2026-03-05,2026-03-05,Supplier SKU: PRO-2061,system,2026-02-20
61,20,PO-2026-0020,2111,High-Speed Blender,Kitchen,164,164.0,143.0,23452.0,Received,2026-03-05,2026-03-05,Supplier SKU: PRO-2111,system,2026-02-20
62,20,PO-2026-0020,2021,Chef Knife,Kitchen,36,36.0,64.53,2323.08,Received,2026-03-05,2026-03-05,Supplier SKU: PRO-2021,system,2026-02-20
63,21,PO-2026-0021,2022,Fork Set,Kitchen,36,36.0,32.35,1164.6,Received,2026-03-05,2026-03-07,Supplier SKU: PRO-2022,system,2026-02-18
64,21,PO-2026-0021,2061,Mixing Bowl,Kitchen,10,10.0,29.75,297.5,Received,2026-03-05,2026-03-07,Supplier SKU: PRO-2061,system,2026-02-18
65,22,PO-2026-0022,1561,EcoFire Camping Stove,Camping,22,22.0,79.9,1757.8,Received,2026-03-11,2026-03-12,Supplier SKU: CON-1561,system,2026-02-27
66,22,PO-2026-0022,1541,TrekReady Hiking Boots,Camping,33,33.0,108.03,3564.99,Received,2026-03-11,2026-03-12,Supplier SKU: CON-1541,system,2026-02-27
67,22,PO-2026-0022,1512,SkyView 2-Person Tent,Camping,19,17.0,216.49,4113.31,Backordered,2026-03-11,2026-03-12,Supplier SKU: CON-1512,system,2026-02-27
68,23,PO-2026-0023,3021,Nordic Classic XC Skis - 185cm,Ski,146,146.0,263.35,38449.1,Received,2026-04-16,2026-04-16,Supplier SKU: FAB-3021,system,2026-04-02
69,23,PO-2026-0023,3081,All-Temp Ski Wax Kit,Ski,4,4.0,65.83,263.32,Received,2026-04-16,2026-04-16,Supplier SKU: FAB-3081,system,2026-04-02
70,24,PO-2026-0024,3091,Freestyle Snowboard - 155cm,Ski,2,2.0,424.1,848.2,Received,2026-03-03,2026-03-03,Supplier SKU: ALP-3091,system,2026-02-15
71,24,PO-2026-0024,3042,Aluminum All-Mountain Poles - 115cm,Ski,22,22.0,60.04,1320.88,Received,2026-03-03,2026-03-03,Supplier SKU: ALP-3042,system,2026-02-15
72,24,PO-2026-0024,3082,Edge Tuning Tool Set,Ski,88,88.0,85.34,7509.92,Received,2026-03-03,2026-03-03,Supplier SKU: ALP-3082,system,2026-02-15
73,24,PO-2026-0024,3081,All-Temp Ski Wax Kit,Ski,44,44.0,59.28,2608.32,Received,2026-03-03,2026-03-03,Supplier SKU: ALP-3081,system,2026-02-15
74,24,PO-2026-0024,3092,All-Mountain Snowboard - 158cm,Ski,120,120.0,498.01,59761.2,Received,2026-03-03,2026-03-03,Supplier SKU: ALP-3092,system,2026-02-15
75,25,PO-2026-0025,2111,High-Speed Blender,Kitchen,34,34.0,164.8,5603.2,Received,2026-04-05,2026-04-06,Supplier SKU: WOR-2111,system,2026-03-16
76,26,PO-2026-0026,2111,High-Speed Blender,Kitchen,174,174.0,143.0,24882.0,Received,2026-02-14,2026-02-15,Supplier SKU: PRO-2111,system,2026-01-31
77,26,PO-2026-0026,2071,Baking Pan,Kitchen,217,217.0,23.09,5010.53,Received,2026-02-14,2026-02-15,Supplier SKU: PRO-2071,system,2026-01-31
78,26,PO-2026-0026,2061,Mixing Bowl,Kitchen,7,4.0,29.75,208.25,Backordered,2026-02-14,2026-02-15,Supplier SKU: PRO-2061,system,2026-01-31
79,27,PO-2026-0027,1522,SummitClimber Backpack,Camping,4,4.0,161.55,646.2,Received,2026-03-22,2026-03-23,Supplier SKU: CON-1522,system,2026-03-10
80,27,PO-2026-0027,1562,PowerBurner Camping Stove,Camping,5,5.0,135.02,675.1,Received,2026-03-22,2026-03-23,Supplier SKU: CON-1562,system,2026-03-10
81,27,PO-2026-0027,1541,TrekReady Hiking Boots,Camping,47,47.0,108.03,5077.41,Received,2026-03-22,2026-03-23,Supplier SKU: CON-1541,system,2026-03-10
82,27,PO-2026-0027,1521,Adventurer Pro Backpack,Camping,5,5.0,114.97,574.85,Received,2026-03-22,2026-03-23,Supplier SKU: CON-1521,system,2026-03-10
83,28,PO-2026-0028,3081,All-Temp Ski Wax Kit,Ski,1,,65.83,65.83,Pending,2026-05-01,,Supplier SKU: FAB-3081,system,2026-04-16
84,29,PO-2026-0029,2081,Food Storage Set,Kitchen,3,3.0,24.64,73.92,Received,2026-03-02,2026-03-05,Supplier SKU: PRO-2081,system,2026-02-20
85,29,PO-2026-0029,2031,Coffee Mug,Kitchen,124,124.0,22.75,2821.0,Received,2026-03-02,2026-03-05,Supplier SKU: PRO-2031,system,2026-02-20
86,30,PO-2026-0030,2121,Bamboo Cutting Board Set,Kitchen,3,2.0,37.42,112.26,Backordered,2026-04-11,2026-04-11,Supplier SKU: WOR-2121,system,2026-03-16
87,30,PO-2026-0030,1562,PowerBurner Camping Stove,Camping,37,37.0,136.07,5034.59,Received,2026-04-11,2026-04-11,Supplier SKU: WOR-1562,system,2026-03-16
88,30,PO-2026-0030,1563,CompactCook Camping Stove,Camping,1,1.0,63.24,63.24,Received,2026-04-11,2026-04-11,Supplier SKU: WOR-1563,system,2026-03-16
89,30,PO-2026-0030,1571,CozyNights Sleeping Bag,Camping,77,77.0,126.79,9762.83,Received,2026-04-11,2026-04-11,Supplier SKU: WOR-1571,system,2026-03-16
90,30,PO-2026-0030,3104,Ski Tuning Bench - Portable,Ski,30,30.0,152.16,4564.8,Received,2026-04-11,2026-04-11,Supplier SKU: WOR-3104,system,2026-03-16
91,31,PO-2026-0031,2101,Measuring Cup Set,Kitchen,155,155.0,13.62,2111.1,Received,2026-03-31,2026-04-06,Supplier SKU: PRO-2101,system,2026-03-18
92,31,PO-2026-0031,2121,Bamboo Cutting Board Set,Kitchen,112,112.0,31.18,3492.16,Received,2026-03-31,2026-04-06,Supplier SKU: PRO-2121,system,2026-03-18
93,32,PO-2026-0032,2091,Spatula,Kitchen,49,49.0,8.02,392.98,Received,2026-03-17,2026-03-19,Supplier SKU: PRO-2091,system,2026-03-06
94,32,PO-2026-0032,2071,Baking Pan,Kitchen,123,123.0,23.09,2840.07,Received,2026-03-17,2026-03-19,Supplier SKU: PRO-2071,system,2026-03-06
95,32,PO-2026-0032,2101,Measuring Cup Set,Kitchen,147,147.0,13.62,2002.14,Received,2026-03-17,2026-03-19,Supplier SKU: PRO-2101,system,2026-03-06
96,33,PO-2026-0033,3062,Anti-Fog Ski Goggles,Ski,1,1.0,86.65,86.65,Received,2026-03-16,2026-03-17,Supplier SKU: FAB-3062,system,2026-03-02
97,33,PO-2026-0033,3021,Nordic Classic XC Skis - 185cm,Ski,151,151.0,263.35,39765.85,Received,2026-03-16,2026-03-17,Supplier SKU: FAB-3021,system,2026-03-02
98,33,PO-2026-0033,3081,All-Temp Ski Wax Kit,Ski,3,3.0,65.83,197.49,Received,2026-03-16,2026-03-17,Supplier SKU: FAB-3081,system,2026-03-02
99,34,PO-2026-0034,1532,TrailBlaze Hiking Pants,Camping,4,4.0,64.18,256.72,Received,2026-03-23,2026-03-26,Supplier SKU: CON-1532,system,2026-03-14
100,34,PO-2026-0034,1522,SummitClimber Backpack,Camping,2,2.0,161.55,323.1,Received,2026-03-23,2026-03-26,Supplier SKU: CON-1522,system,2026-03-14
101,34,PO-2026-0034,1561,EcoFire Camping Stove,Camping,10,10.0,79.9,799.0,Received,2026-03-23,2026-03-26,Supplier SKU: CON-1561,system,2026-03-14
102,34,PO-2026-0034,1523,TrailLite Daypack,Camping,46,46.0,52.89,2432.94,Received,2026-03-23,2026-03-26,Supplier SKU: CON-1523,system,2026-03-14
103,35,PO-2026-0035,1511,Alpine Explorer Tent,Camping,45,45.0,319.45,14375.25,Received,2026-03-11,2026-03-11,Supplier SKU: CON-1511,system,2026-02-26
104,35,PO-2026-0035,1521,Adventurer Pro Backpack,Camping,3,3.0,114.97,344.91,Received,2026-03-11,2026-03-11,Supplier SKU: CON-1521,system,2026-02-26
105,36,PO-2026-0036,3104,Ski Tuning Bench - Portable,Ski,43,43.0,152.16,6542.88,Received,2026-04-15,2026-04-18,Supplier SKU: WOR-3104,system,2026-03-23
106,36,PO-2026-0036,1571,CozyNights Sleeping Bag,Camping,58,58.0,126.79,7353.82,Received,2026-04-15,2026-04-18,Supplier SKU: WOR-1571,system,2026-03-23
107,36,PO-2026-0036,2121,Bamboo Cutting Board Set,Kitchen,5,5.0,37.42,187.1,Received,2026-04-15,2026-04-18,Supplier SKU: WOR-2121,system,2026-03-23
108,37,PO-2026-0037,1521,Adventurer Pro Backpack,Camping,1,1.0,114.97,114.97,Received,2026-04-19,2026-04-28,Supplier SKU: CON-1521,system,2026-04-04
109,37,PO-2026-0037,1511,Alpine Explorer Tent,Camping,26,26.0,319.45,8305.7,Received,2026-04-19,2026-04-28,Supplier SKU: CON-1511,system,2026-04-04
110,37,PO-2026-0037,1532,TrailBlaze Hiking Pants,Camping,3,3.0,64.18,192.54,Received,2026-04-19,2026-04-28,Supplier SKU: CON-1532,system,2026-04-04
111,37,PO-2026-0037,1541,TrekReady Hiking Boots,Camping,88,88.0,108.03,9506.64,Received,2026-04-19,2026-04-28,Supplier SKU: CON-1541,system,2026-04-04
112,38,PO-2026-0038,3062,Anti-Fog Ski Goggles,Ski,66,,103.64,6840.24,Pending,2026-05-06,,Supplier SKU: ALP-3062,system,2026-04-19
113,39,PO-2026-0039,1532,TrailBlaze Hiking Pants,Camping,2,1.0,64.18,128.36,Backordered,2026-04-23,2026-04-26,Supplier SKU: CON-1532,system,2026-04-11
114,39,PO-2026-0039,1512,SkyView 2-Person Tent,Camping,36,35.0,216.49,7793.64,Backordered,2026-04-23,2026-04-26,Supplier SKU: CON-1512,system,2026-04-11
115,40,PO-2026-0040,1551,BaseCamp Folding Table,Camping,105,105.0,71.85,7544.25,Received,2026-02-26,2026-02-28,Supplier SKU: CON-1551,system,2026-02-16
116,40,PO-2026-0040,1563,CompactCook Camping Stove,Camping,4,4.0,63.62,254.48,Received,2026-02-26,2026-02-28,Supplier SKU: CON-1563,system,2026-02-16
117,41,PO-2026-0041,3021,Nordic Classic XC Skis - 185cm,Ski,199,199.0,263.35,52406.65,Received,2026-03-31,2026-04-02,Supplier SKU: FAB-3021,system,2026-03-15
118,41,PO-2026-0041,3062,Anti-Fog Ski Goggles,Ski,2,2.0,86.65,173.3,Received,2026-03-31,2026-04-02,Supplier SKU: FAB-3062,system,2026-03-15
119,41,PO-2026-0041,3081,All-Temp Ski Wax Kit,Ski,1,1.0,65.83,65.83,Received,2026-03-31,2026-04-02,Supplier SKU: FAB-3081,system,2026-03-15
120,42,PO-2026-0042,3051,Insulated Ski Jacket - Men's,Ski,110,108.0,205.78,22635.8,Backordered,2026-04-18,2026-04-18,Supplier SKU: ALP-3051,system,2026-04-04
121,42,PO-2026-0042,3012,Mountain Master All-Terrain Skis - 165cm,Ski,39,39.0,585.91,22850.49,Received,2026-04-18,2026-04-18,Supplier SKU: ALP-3012,system,2026-04-04
122,42,PO-2026-0042,3081,All-Temp Ski Wax Kit,Ski,55,41.0,59.28,3260.4,Backordered,2026-04-18,2026-04-18,Supplier SKU: ALP-3081,system,2026-04-04
123,42,PO-2026-0042,3011,Alpine Pro Racing Skis - 170cm,Ski,247,247.0,972.91,240308.77,Received,2026-04-18,2026-04-18,Supplier SKU: ALP-3011,system,2026-04-04
124,42,PO-2026-0042,3032,Comfort Fit Recreational Boots,Ski,103,94.0,309.3,31857.9,Backordered,2026-04-18,2026-04-18,Supplier SKU: ALP-3032,system,2026-04-04
125,43,PO-2026-0043,3081,All-Temp Ski Wax Kit,Ski,4,4.0,65.83,263.32,Received,2026-04-24,2026-04-25,Supplier SKU: FAB-3081,system,2026-04-10
126,43,PO-2026-0043,3021,Nordic Classic XC Skis - 185cm,Ski,148,148.0,263.35,38975.8,Received,2026-04-24,2026-04-25,Supplier SKU: FAB-3021,system,2026-04-10
127,43,PO-2026-0043,3062,Anti-Fog Ski Goggles,Ski,3,3.0,86.65,259.95,Received,2026-04-24,2026-04-25,Supplier SKU: FAB-3062,system,2026-04-10
128,44,PO-2026-0044,3081,All-Temp Ski Wax Kit,Ski,2,2.0,65.83,131.66,Received,2026-04-22,2026-04-24,Supplier SKU: FAB-3081,system,2026-04-03
129,44,PO-2026-0044,3062,Anti-Fog Ski Goggles,Ski,1,1.0,86.65,86.65,Received,2026-04-22,2026-04-24,Supplier SKU: FAB-3062,system,2026-04-03
130,44,PO-2026-0044,3021,Nordic Classic XC Skis - 185cm,Ski,126,126.0,263.35,33182.1,Received,2026-04-22,2026-04-24,Supplier SKU: FAB-3021,system,2026-04-03
131,45,PO-2026-0045,1533,RainGuard Hiking Jacket,Camping,240,240.0,135.73,32575.2,Received,2026-03-13,2026-03-13,Supplier SKU: CON-1533,system,2026-03-04
132,45,PO-2026-0045,1563,CompactCook Camping Stove,Camping,4,4.0,63.62,254.48,Received,2026-03-13,2026-03-13,Supplier SKU: CON-1563,system,2026-03-04
133,46,PO-2026-0046,1571,CozyNights Sleeping Bag,Camping,3,3.0,122.76,368.28,Received,2026-04-16,2026-04-16,Supplier SKU: CON-1571,system,2026-04-07
134,46,PO-2026-0046,1561,EcoFire Camping Stove,Camping,16,16.0,79.9,1278.4,Received,2026-04-16,2026-04-16,Supplier SKU: CON-1561,system,2026-04-07
135,46,PO-2026-0046,1551,BaseCamp Folding Table,Camping,87,87.0,71.85,6250.95,Received,2026-04-16,2026-04-16,Supplier SKU: CON-1551,system,2026-04-07
136,46,PO-2026-0046,1523,TrailLite Daypack,Camping,43,43.0,52.89,2274.27,Received,2026-04-16,2026-04-16,Supplier SKU: CON-1523,system,2026-04-07
137,47,PO-2026-0047,2061,Mixing Bowl,Kitchen,18,,29.75,535.5,Shipped,2026-02-25,,Supplier SKU: PRO-2061,system,2026-02-13
138,47,PO-2026-0047,2111,High-Speed Blender,Kitchen,149,,143.0,21307.0,Shipped,2026-02-25,,Supplier SKU: PRO-2111,system,2026-02-13
139,48,PO-2026-0048,2012,Espresso Machine,Kitchen,16,13.0,285.82,4573.12,Backordered,2026-04-25,2026-04-25,Supplier SKU: PRO-2012,system,2026-04-13
140,48,PO-2026-0048,2081,Food Storage Set,Kitchen,3,2.0,24.64,73.92,Backordered,2026-04-25,2026-04-25,Supplier SKU: PRO-2081,system,2026-04-13
141,48,PO-2026-0048,2021,Chef Knife,Kitchen,49,49.0,64.53,3161.97,Received,2026-04-25,2026-04-25,Supplier SKU: PRO-2021,system,2026-04-13
142,49,PO-2026-0049,1522,SummitClimber Backpack,Camping,2,2.0,161.55,323.1,Received,2026-02-19,2026-02-22,Supplier SKU: CON-1522,system,2026-02-10
143,49,PO-2026-0049,1523,TrailLite Daypack,Camping,28,28.0,52.89,1480.92,Received,2026-02-19,2026-02-22,Supplier SKU: CON-1523,system,2026-02-10
144,49,PO-2026-0049,1511,Alpine Explorer Tent,Camping,107,107.0,319.45,34181.15,Received,2026-02-19,2026-02-22,Supplier SKU: CON-1511,system,2026-02-10
145,49,PO-2026-0049,1572,MountainDream Sleeping Bag,Camping,126,126.0,223.02,28100.52,Received,2026-02-19,2026-02-22,Supplier SKU: CON-1572,system,2026-02-10
146,49,PO-2026-0049,1533,RainGuard Hiking Jacket,Camping,66,66.0,135.73,8958.18,Received,2026-02-19,2026-02-22,Supplier SKU: CON-1533,system,2026-02-10
147,50,PO-2026-0050,1551,BaseCamp Folding Table,Camping,85,85.0,71.85,6107.25,Received,2026-04-04,2026-04-06,Supplier SKU: CON-1551,system,2026-03-20
148,50,PO-2026-0050,1512,SkyView 2-Person Tent,Camping,15,15.0,216.49,3247.35,Received,2026-04-04,2026-04-06,Supplier SKU: CON-1512,system,2026-03-20
149,50,PO-2026-0050,1542,TrailWalker Hiking Shoes,Camping,11,9.0,98.4,1082.4,Backordered,2026-04-04,2026-04-06,Supplier SKU: CON-1542,system,2026-03-20
150,51,PO-2026-0051,3021,Nordic Classic XC Skis - 185cm,Ski,88,88.0,263.35,23174.8,Received,2026-04-16,2026-04-16,Supplier SKU: FAB-3021,system,2026-04-04
151,51,PO-2026-0051,3081,All-Temp Ski Wax Kit,Ski,4,4.0,65.83,263.32,Received,2026-04-16,2026-04-16,Supplier SKU: FAB-3081,system,2026-04-04
152,51,PO-2026-0051,3062,Anti-Fog Ski Goggles,Ski,4,4.0,86.65,346.6,Received,2026-04-16,2026-04-16,Supplier SKU: FAB-3062,system,2026-04-04
153,52,PO-2026-0052,3071,Ski Boot Bag - Premium,Ski,143,,42.02,6008.86,Pending,2026-05-05,,Supplier SKU: ALP-3071,system,2026-04-18
154,52,PO-2026-0052,3091,Freestyle Snowboard - 155cm,Ski,2,,424.1,848.2,Pending,2026-05-05,,Supplier SKU: ALP-3091,system,2026-04-18
155,52,PO-2026-0052,3041,Carbon Fiber Racing Poles - 120cm,Ski,1,,130.35,130.35,Pending,2026-05-05,,Supplier SKU: ALP-3041,system,2026-04-18
156,52,PO-2026-0052,3033,Women's Performance Ski Boots,Ski,5,,376.2,1881.0,Pending,2026-05-05,,Supplier SKU: ALP-3033,system,2026-04-18
157,53,PO-2026-0053,2121,Bamboo Cutting Board Set,Kitchen,78,78.0,31.18,2432.04,Received,2026-04-02,2026-04-02,Supplier SKU: PRO-2121,system,2026-03-25
158,53,PO-2026-0053,2111,High-Speed Blender,Kitchen,118,118.0,143.0,16874.0,Received,2026-04-02,2026-04-02,Supplier SKU: PRO-2111,system,2026-03-25
159,54,PO-2026-0054,3081,All-Temp Ski Wax Kit,Ski,3,3.0,65.83,197.49,Received,2026-04-19,2026-04-19,Supplier SKU: FAB-3081,system,2026-04-03
160,54,PO-2026-0054,3062,Anti-Fog Ski Goggles,Ski,1,1.0,86.65,86.65,Received,2026-04-19,2026-04-19,Supplier SKU: FAB-3062,system,2026-04-03
161,54,PO-2026-0054,3021,Nordic Classic XC Skis - 185cm,Ski,70,65.0,263.35,18434.5,Backordered,2026-04-19,2026-04-19,Supplier SKU: FAB-3021,system,2026-04-03
162,55,PO-2026-0055,1543,TrekStar Hiking Sandals,Camping,3,3.0,62.07,186.21,Received,2026-04-19,2026-04-19,Supplier SKU: CON-1543,system,2026-04-09
163,56,PO-2026-0056,3021,Nordic Classic XC Skis - 185cm,Ski,80,80.0,263.35,21068.0,Received,2026-02-24,2026-02-26,Supplier SKU: FAB-3021,system,2026-02-09
164,56,PO-2026-0056,3062,Anti-Fog Ski Goggles,Ski,4,4.0,86.65,346.6,Received,2026-02-24,2026-02-26,Supplier SKU: FAB-3062,system,2026-02-09
165,56,PO-2026-0056,3081,All-Temp Ski Wax Kit,Ski,3,3.0,65.83,197.49,Received,2026-02-24,2026-02-26,Supplier SKU: FAB-3081,system,2026-02-09
166,57,PO-2026-0057,1561,EcoFire Camping Stove,Camping,9,9.0,79.9,719.1,Received,2026-02-18,2026-02-19,Supplier SKU: CON-1561,system,2026-02-05
167,57,PO-2026-0057,1543,TrekStar Hiking Sandals,Camping,5,5.0,62.07,310.35,Received,2026-02-18,2026-02-19,Supplier SKU: CON-1543,system,2026-02-05
168,57,PO-2026-0057,1581,LED Headlamp - Rechargeable,Camping,3,3.0,55.53,166.59,Received,2026-02-18,2026-02-19,Supplier SKU: CON-1581,system,2026-02-05
169,57,PO-2026-0057,1511,Alpine Explorer Tent,Camping,72,72.0,319.45,23000.4,Received,2026-02-18,2026-02-19,Supplier SKU: CON-1511,system,2026-02-05
170,57,PO-2026-0057,1572,MountainDream Sleeping Bag,Camping,148,148.0,223.02,33006.96,Received,2026-02-18,2026-02-19,Supplier SKU: CON-1572,system,2026-02-05
171,58,PO-2026-0058,3012,Mountain Master All-Terrain Skis - 165cm,Ski,45,45.0,585.91,26365.95,Received,2026-04-25,2026-04-25,Supplier SKU: ALP-3012,system,2026-04-13
172,58,PO-2026-0058,3101,Winter Boots - Insulated,Ski,4,4.0,100.16,400.64,Received,2026-04-25,2026-04-25,Supplier SKU: ALP-3101,system,2026-04-13
173,58,PO-2026-0058,3042,Aluminum All-Mountain Poles - 115cm,Ski,24,24.0,60.04,1440.96,Received,2026-04-25,2026-04-25,Supplier SKU: ALP-3042,system,2026-04-13
174,59,PO-2026-0059,1571,CozyNights Sleeping Bag,Camping,250,250.0,126.79,31697.5,Received,2026-02-21,2026-03-07,Supplier SKU: WOR-1571,system,2026-02-01
175,60,PO-2026-0060,1562,PowerBurner Camping Stove,Camping,39,39.0,136.07,5306.73,Received,2026-03-02,2026-03-02,Supplier SKU: WOR-1562,system,2026-02-09
176,60,PO-2026-0060,3101,Winter Boots - Insulated,Ski,15,15.0,131.9,1978.5,Received,2026-03-02,2026-03-02,Supplier SKU: WOR-3101,system,2026-02-09
177,61,PO-2026-0061,2091,Spatula,Kitchen,37,37.0,8.02,296.74,Received,2026-03-13,2026-03-15,Supplier SKU: PRO-2091,system,2026-02-28
178,61,PO-2026-0061,2041,Serving Platter,Kitchen,19,19.0,49.94,948.86,Received,2026-03-13,2026-03-15,Supplier SKU: PRO-2041,system,2026-02-28
179,61,PO-2026-0061,2051,Ice Cream Bowl,Kitchen,1,1.0,18.6,18.6,Received,2026-03-13,2026-03-15,Supplier SKU: PRO-2051,system,2026-02-28
180,62,PO-2026-0062,3071,Ski Boot Bag - Premium,Ski,179,,42.02,7521.58,Shipped,2026-05-14,,Supplier SKU: ALP-3071,system,2026-04-28
181,62,PO-2026-0062,3082,Edge Tuning Tool Set,Ski,117,,85.34,9984.78,Shipped,2026-05-14,,Supplier SKU: ALP-3082,system,2026-04-28
182,62,PO-2026-0062,3011,Alpine Pro Racing Skis - 170cm,Ski,72,,972.91,70049.52,Shipped,2026-05-14,,Supplier SKU: ALP-3011,system,2026-04-28
183,62,PO-2026-0062,3091,Freestyle Snowboard - 155cm,Ski,4,,424.1,1696.4,Shipped,2026-05-14,,Supplier SKU: ALP-3091,system,2026-04-28
184,62,PO-2026-0062,3052,Thermal Base Layer Set - Women's,Ski,40,,105.09,4203.6,Shipped,2026-05-14,,Supplier SKU: ALP-3052,system,2026-04-28
185,63,PO-2026-0063,1562,PowerBurner Camping Stove,Camping,114,114.0,136.07,15511.98,Received,2026-04-01,2026-04-01,Supplier SKU: WOR-1562,system,2026-03-11
186,63,PO-2026-0063,1563,CompactCook Camping Stove,Camping,4,4.0,63.24,252.96,Received,2026-04-01,2026-04-01,Supplier SKU: WOR-1563,system,2026-03-11
187,64,PO-2026-0064,3021,Nordic Classic XC Skis - 185cm,Ski,165,,263.35,43452.75,Pending,2026-05-12,,Supplier SKU: FAB-3021,system,2026-04-29
188,64,PO-2026-0064,3081,All-Temp Ski Wax Kit,Ski,1,,65.83,65.83,Pending,2026-05-12,,Supplier SKU: FAB-3081,system,2026-04-29
189,64,PO-2026-0064,3062,Anti-Fog Ski Goggles,Ski,5,,86.65,433.25,Pending,2026-05-12,,Supplier SKU: FAB-3062,system,2026-04-29
190,65,PO-2026-0065,1571,CozyNights Sleeping Bag,Camping,145,,126.79,18384.55,Shipped,2026-05-01,,Supplier SKU: WOR-1571,system,2026-04-09
191,65,PO-2026-0065,3071,Ski Boot Bag - Premium,Ski,50,,50.13,2506.5,Shipped,2026-05-01,,Supplier SKU: WOR-3071,system,2026-04-09
192,65,PO-2026-0065,3091,Freestyle Snowboard - 155cm,Ski,89,,449.2,39978.8,Shipped,2026-05-01,,Supplier SKU: WOR-3091,system,2026-04-09
193,65,PO-2026-0065,2121,Bamboo Cutting Board Set,Kitchen,1,,37.42,37.42,Shipped,2026-05-01,,Supplier SKU: WOR-2121,system,2026-04-09
194,66,PO-2026-0066,1562,PowerBurner Camping Stove,Camping,32,32.0,136.07,4354.24,Received,2026-03-18,2026-03-19,Supplier SKU: WOR-1562,system,2026-02-20
195,66,PO-2026-0066,2121,Bamboo Cutting Board Set,Kitchen,1,1.0,37.42,37.42,Received,2026-03-18,2026-03-19,Supplier SKU: WOR-2121,system,2026-02-20
196,66,PO-2026-0066,2111,High-Speed Blender,Kitchen,40,40.0,164.8,6592.0,Received,2026-03-18,2026-03-19,Supplier SKU: WOR-2111,system,2026-02-20
197,67,PO-2026-0067,3082,Edge Tuning Tool Set,Ski,125,125.0,85.34,10667.5,Received,2026-04-15,2026-04-16,Supplier SKU: ALP-3082,system,2026-03-30
198,67,PO-2026-0067,3091,Freestyle Snowboard - 155cm,Ski,4,4.0,424.1,1696.4,Received,2026-04-15,2026-04-16,Supplier SKU: ALP-3091,system,2026-03-30
199,67,PO-2026-0067,3042,Aluminum All-Mountain Poles - 115cm,Ski,12,12.0,60.04,720.48,Received,2026-04-15,2026-04-16,Supplier SKU: ALP-3042,system,2026-03-30
200,68,PO-2026-0068,3081,All-Temp Ski Wax Kit,Ski,3,3.0,65.83,197.49,Received,2026-02-20,2026-02-21,Supplier SKU: FAB-3081,system,2026-02-06
201,68,PO-2026-0068,3021,Nordic Classic XC Skis - 185cm,Ski,76,76.0,263.35,20014.6,Received,2026-02-20,2026-02-21,Supplier SKU: FAB-3021,system,2026-02-06
202,68,PO-2026-0068,3062,Anti-Fog Ski Goggles,Ski,2,2.0,86.65,173.3,Received,2026-02-20,2026-02-21,Supplier SKU: FAB-3062,system,2026-02-06
203,69,PO-2026-0069,1543,TrekStar Hiking Sandals,Camping,2,2.0,62.07,124.14,Received,2026-03-13,2026-03-13,Supplier SKU: CON-1543,system,2026-03-04
204,69,PO-2026-0069,1572,MountainDream Sleeping Bag,Camping,51,51.0,223.02,11374.02,Received,2026-03-13,2026-03-13,Supplier SKU: CON-1572,system,2026-03-04
205,69,PO-2026-0069,1562,PowerBurner Camping Stove,Camping,1,0.0,135.02,135.02,Backordered,2026-03-13,2026-03-13,Supplier SKU: CON-1562,system,2026-03-04
206,69,PO-2026-0069,1531,Summit Breeze Jacket,Camping,13,13.0,108.88,1415.44,Received,2026-03-13,2026-03-13,Supplier SKU: CON-1531,system,2026-03-04
207,69,PO-2026-0069,1521,Adventurer Pro Backpack,Camping,5,5.0,114.97,574.85,Received,2026-03-13,2026-03-13,Supplier SKU: CON-1521,system,2026-03-04
208,70,PO-2026-0070,3021,Nordic Classic XC Skis - 185cm,Ski,56,56.0,263.35,14747.6,Received,2026-03-21,2026-03-21,Supplier SKU: FAB-3021,system,2026-03-07
209,70,PO-2026-0070,3062,Anti-Fog Ski Goggles,Ski,1,1.0,86.65,86.65,Received,2026-03-21,2026-03-21,Supplier SKU: FAB-3062,system,2026-03-07
210,70,PO-2026-0070,3081,All-Temp Ski Wax Kit,Ski,4,4.0,65.83,263.32,Received,2026-03-21,2026-03-21,Supplier SKU: FAB-3081,system,2026-03-07
211,71,PO-2026-0071,2041,Serving Platter,Kitchen,21,21.0,49.94,1048.74,Received,2026-04-20,2026-04-21,Supplier SKU: PRO-2041,system,2026-04-08
212,71,PO-2026-0071,2081,Food Storage Set,Kitchen,2,2.0,24.64,49.28,Received,2026-04-20,2026-04-21,Supplier SKU: PRO-2081,system,2026-04-08
213,71,PO-2026-0071,2091,Spatula,Kitchen,43,43.0,8.02,344.86,Received,2026-04-20,2026-04-21,Supplier SKU: PRO-2091,system,2026-04-08
214,71,PO-2026-0071,2021,Chef Knife,Kitchen,35,35.0,64.53,2258.55,Received,2026-04-20,2026-04-21,Supplier SKU: PRO-2021,system,2026-04-08
215,72,PO-2026-0072,2091,Spatula,Kitchen,23,18.0,8.02,184.46,Backordered,2026-04-09,2026-04-10,Supplier SKU: PRO-2091,system,2026-03-31
216,72,PO-2026-0072,2121,Bamboo Cutting Board Set,Kitchen,62,62.0,31.18,1933.16,Received,2026-04-09,2026-04-10,Supplier SKU: PRO-2121,system,2026-03-31
217,73,PO-2026-0073,2061,Mixing Bowl,Kitchen,8,8.0,29.75,238.0,Received,2026-04-07,2026-04-07,Supplier SKU: PRO-2061,system,2026-03-30
218,73,PO-2026-0073,2021,Chef Knife,Kitchen,16,11.0,64.53,1032.48,Backordered,2026-04-07,2026-04-07,Supplier SKU: PRO-2021,system,2026-03-30
219,73,PO-2026-0073,2041,Serving Platter,Kitchen,7,7.0,49.94,349.58,Received,2026-04-07,2026-04-07,Supplier SKU: PRO-2041,system,2026-03-30
220,73,PO-2026-0073,2081,Food Storage Set,Kitchen,4,4.0,24.64,98.56,Received,2026-04-07,2026-04-07,Supplier SKU: PRO-2081,system,2026-03-30
221,73,PO-2026-0073,2011,Coffee Maker,Kitchen,103,103.0,128.11,13195.33,Received,2026-04-07,2026-04-07,Supplier SKU: PRO-2011,system,2026-03-30
222,74,PO-2026-0074,1571,CozyNights Sleeping Bag,Camping,136,136.0,126.79,17243.44,Received,2026-04-19,2026-04-20,Supplier SKU: WOR-1571,system,2026-03-29
223,74,PO-2026-0074,3104,Ski Tuning Bench - Portable,Ski,34,34.0,152.16,5173.44,Received,2026-04-19,2026-04-20,Supplier SKU: WOR-3104,system,2026-03-29
224,74,PO-2026-0074,3091,Freestyle Snowboard - 155cm,Ski,73,73.0,449.2,32791.6,Received,2026-04-19,2026-04-20,Supplier SKU: WOR-3091,system,2026-03-29
225,74,PO-2026-0074,2121,Bamboo Cutting Board Set,Kitchen,4,4.0,37.42,149.68,Received,2026-04-19,2026-04-20,Supplier SKU: WOR-2121,system,2026-03-29
226,75,PO-2026-0075,3051,Insulated Ski Jacket - Men's,Ski,118,118.0,205.78,24282.04,Received,2026-03-16,2026-03-18,Supplier SKU: ALP-3051,system,2026-03-01
227,75,PO-2026-0075,3032,Comfort Fit Recreational Boots,Ski,201,201.0,309.3,62169.3,Received,2026-03-16,2026-03-18,Supplier SKU: ALP-3032,system,2026-03-01
228,75,PO-2026-0075,3042,Aluminum All-Mountain Poles - 115cm,Ski,16,16.0,60.04,960.64,Received,2026-03-16,2026-03-18,Supplier SKU: ALP-3042,system,2026-03-01
229,75,PO-2026-0075,3053,Waterproof Ski Pants,Ski,9,9.0,192.99,1736.91,Received,2026-03-16,2026-03-18,Supplier SKU: ALP-3053,system,2026-03-01
230,75,PO-2026-0075,3104,Ski Tuning Bench - Portable,Ski,40,40.0,125.75,5030.0,Received,2026-03-16,2026-03-18,Supplier SKU: ALP-3104,system,2026-03-01
231,76,PO-2026-0076,3062,Anti-Fog Ski Goggles,Ski,1,,86.65,86.65,Pending,2026-05-04,,Supplier SKU: FAB-3062,system,2026-04-22
232,76,PO-2026-0076,3081,All-Temp Ski Wax Kit,Ski,2,,65.83,131.66,Pending,2026-05-04,,Supplier SKU: FAB-3081,system,2026-04-22
233,76,PO-2026-0076,3021,Nordic Classic XC Skis - 185cm,Ski,58,,263.35,15274.3,Pending,2026-05-04,,Supplier SKU: FAB-3021,system,2026-04-22
234,77,PO-2026-0077,3062,Anti-Fog Ski Goggles,Ski,3,3.0,86.65,259.95,Received,2026-03-12,2026-03-13,Supplier SKU: FAB-3062,system,2026-02-22
235,77,PO-2026-0077,3021,Nordic Classic XC Skis - 185cm,Ski,236,236.0,263.35,62150.6,Received,2026-03-12,2026-03-13,Supplier SKU: FAB-3021,system,2026-02-22
236,77,PO-2026-0077,3081,All-Temp Ski Wax Kit,Ski,5,5.0,65.83,329.15,Received,2026-03-12,2026-03-13,Supplier SKU: FAB-3081,system,2026-02-22
237,78,PO-2026-0078,3102,Winter Hiking Boots - Waterproof,Ski,26,,157.94,4106.44,Shipped,2026-05-04,,Supplier SKU: ALP-3102,system,2026-04-17
238,78,PO-2026-0078,3101,Winter Boots - Insulated,Ski,1,,100.16,100.16,Shipped,2026-05-04,,Supplier SKU: ALP-3101,system,2026-04-17
239,78,PO-2026-0078,3082,Edge Tuning Tool Set,Ski,90,,85.34,7680.6,Shipped,2026-05-04,,Supplier SKU: ALP-3082,system,2026-04-17
240,78,PO-2026-0078,3052,Thermal Base Layer Set - Women's,Ski,90,,105.09,9458.1,Shipped,2026-05-04,,Supplier SKU: ALP-3052,system,2026-04-17
241,78,PO-2026-0078,3091,Freestyle Snowboard - 155cm,Ski,5,,424.1,2120.5,Shipped,2026-05-04,,Supplier SKU: ALP-3091,system,2026-04-17
242,79,PO-2026-0079,3081,All-Temp Ski Wax Kit,Ski,5,5.0,65.83,329.15,Received,2026-04-02,2026-04-05,Supplier SKU: FAB-3081,system,2026-03-18
243,79,PO-2026-0079,3062,Anti-Fog Ski Goggles,Ski,2,2.0,86.65,173.3,Received,2026-04-02,2026-04-05,Supplier SKU: FAB-3062,system,2026-03-18
244,79,PO-2026-0079,3021,Nordic Classic XC Skis - 185cm,Ski,120,120.0,263.35,31602.0,Received,2026-04-02,2026-04-05,Supplier SKU: FAB-3021,system,2026-03-18
245,80,PO-2026-0080,3071,Ski Boot Bag - Premium,Ski,10,,50.13,501.3,Pending,2026-05-05,,Supplier SKU: WOR-3071,system,2026-04-16
246,80,PO-2026-0080,3091,Freestyle Snowboard - 155cm,Ski,226,,449.2,101519.2,Pending,2026-05-05,,Supplier SKU: WOR-3091,system,2026-04-16
247,80,PO-2026-0080,2121,Bamboo Cutting Board Set,Kitchen,4,,37.42,149.68,Pending,2026-05-05,,Supplier SKU: WOR-2121,system,2026-04-16
248,80,PO-2026-0080,1571,CozyNights Sleeping Bag,Camping,164,,126.79,20793.56,Pending,2026-05-05,,Supplier SKU: WOR-1571,system,2026-04-16
249,81,PO-2026-0081,1581,LED Headlamp - Rechargeable,Camping,3,3.0,55.53,166.59,Received,2026-04-24,2026-04-24,Supplier SKU: CON-1581,system,2026-04-10
250,82,PO-2026-0082,3091,Freestyle Snowboard - 155cm,Ski,80,,449.2,35936.0,Shipped,2026-05-04,,Supplier SKU: WOR-3091,system,2026-04-10
251,82,PO-2026-0082,1571,CozyNights Sleeping Bag,Camping,94,,126.79,11918.26,Shipped,2026-05-04,,Supplier SKU: WOR-1571,system,2026-04-10
252,83,PO-2026-0083,3061,Professional Ski Helmet,Ski,38,38.0,121.49,4616.62,Received,2026-04-13,2026-04-14,Supplier SKU: ALP-3061,system,2026-03-28
253,83,PO-2026-0083,3072,Hand Warmers - 10 Pack,Ski,50,38.0,11.62,581.0,Backordered,2026-04-13,2026-04-14,Supplier SKU: ALP-3072,system,2026-03-28
254,83,PO-2026-0083,3013,Beginner's Choice Alpine Skis - 160cm,Ski,201,201.0,324.01,65126.01,Received,2026-04-13,2026-04-14,Supplier SKU: ALP-3013,system,2026-03-28
255,83,PO-2026-0083,3052,Thermal Base Layer Set - Women's,Ski,85,70.0,105.09,8932.65,Backordered,2026-04-13,2026-04-14,Supplier SKU: ALP-3052,system,2026-03-28
256,83,PO-2026-0083,3042,Aluminum All-Mountain Poles - 115cm,Ski,15,15.0,60.04,900.6,Received,2026-04-13,2026-04-14,Supplier SKU: ALP-3042,system,2026-03-28
257,84,PO-2026-0084,3062,Anti-Fog Ski Goggles,Ski,2,2.0,86.65,173.3,Received,2026-03-31,2026-04-02,Supplier SKU: FAB-3062,system,2026-03-19
258,84,PO-2026-0084,3021,Nordic Classic XC Skis - 185cm,Ski,180,180.0,263.35,47403.0,Received,2026-03-31,2026-04-02,Supplier SKU: FAB-3021,system,2026-03-19
259,85,PO-2026-0085,1532,TrailBlaze Hiking Pants,Camping,5,,64.18,320.9,Shipped,2026-05-10,,Supplier SKU: CON-1532,system,2026-04-28
260,85,PO-2026-0085,1531,Summit Breeze Jacket,Camping,11,,108.88,1197.68,Shipped,2026-05-10,,Supplier SKU: CON-1531,system,2026-04-28
261,85,PO-2026-0085,1553,Adventure Dining Table,Camping,32,,110.31,3529.92,Shipped,2026-05-10,,Supplier SKU: CON-1553,system,2026-04-28
262,85,PO-2026-0085,1512,SkyView 2-Person Tent,Camping,13,,216.49,2814.37,Shipped,2026-05-10,,Supplier SKU: CON-1512,system,2026-04-28
263,85,PO-2026-0085,1521,Adventurer Pro Backpack,Camping,5,,114.97,574.85,Shipped,2026-05-10,,Supplier SKU: CON-1521,system,2026-04-28
264,86,PO-2026-0086,2012,Espresso Machine,Kitchen,20,20.0,285.82,5716.4,Received,2026-03-12,2026-03-12,Supplier SKU: PRO-2012,system,2026-02-26
265,86,PO-2026-0086,2091,Spatula,Kitchen,49,49.0,8.02,392.98,Received,2026-03-12,2026-03-12,Supplier SKU: PRO-2091,system,2026-02-26
266,86,PO-2026-0086,2021,Chef Knife,Kitchen,15,10.0,64.53,967.95,Backordered,2026-03-12,2026-03-12,Supplier SKU: PRO-2021,system,2026-02-26
267,86,PO-2026-0086,2121,Bamboo Cutting Board Set,Kitchen,69,63.0,31.18,2151.42,Backordered,2026-03-12,2026-03-12,Supplier SKU: PRO-2121,system,2026-02-26
268,86,PO-2026-0086,2031,Coffee Mug,Kitchen,69,69.0,22.75,1569.75,Received,2026-03-12,2026-03-12,Supplier SKU: PRO-2031,system,2026-02-26
269,87,PO-2026-0087,3061,Professional Ski Helmet,Ski,92,92.0,121.49,11177.08,Received,2026-03-18,2026-03-21,Supplier SKU: ALP-3061,system,2026-03-05
270,87,PO-2026-0087,3012,Mountain Master All-Terrain Skis - 165cm,Ski,26,26.0,585.91,15233.66,Received,2026-03-18,2026-03-21,Supplier SKU: ALP-3012,system,2026-03-05
271,88,PO-2026-0088,3081,All-Temp Ski Wax Kit,Ski,2,,65.83,131.66,Pending,2026-05-01,,Supplier SKU: FAB-3081,system,2026-04-15
272,88,PO-2026-0088,3062,Anti-Fog Ski Goggles,Ski,5,,86.65,433.25,Pending,2026-05-01,,Supplier SKU: FAB-3062,system,2026-04-15
273,88,PO-2026-0088,3021,Nordic Classic XC Skis - 185cm,Ski,98,,263.35,25808.3,Pending,2026-05-01,,Supplier SKU: FAB-3021,system,2026-04-15
274,89,PO-2026-0089,3081,All-Temp Ski Wax Kit,Ski,1,0.0,65.83,65.83,Backordered,2026-04-03,2026-04-06,Supplier SKU: FAB-3081,system,2026-03-21
275,89,PO-2026-0089,3062,Anti-Fog Ski Goggles,Ski,3,3.0,86.65,259.95,Received,2026-04-03,2026-04-06,Supplier SKU: FAB-3062,system,2026-03-21
276,89,PO-2026-0089,3021,Nordic Classic XC Skis - 185cm,Ski,99,99.0,263.35,26071.65,Received,2026-04-03,2026-04-06,Supplier SKU: FAB-3021,system,2026-03-21
277,90,PO-2026-0090,3062,Anti-Fog Ski Goggles,Ski,3,3.0,86.65,259.95,Received,2026-03-30,2026-03-31,Supplier SKU: FAB-3062,system,2026-03-16
278,91,PO-2026-0091,2121,Bamboo Cutting Board Set,Kitchen,32,,31.18,997.76,Shipped,2026-05-01,,Supplier SKU: PRO-2121,system,2026-04-22
279,91,PO-2026-0091,2071,Baking Pan,Kitchen,153,,23.09,3532.77,Shipped,2026-05-01,,Supplier SKU: PRO-2071,system,2026-04-22
280,92,PO-2026-0092,2041,Serving Platter,Kitchen,7,,49.94,349.58,Pending,2026-05-01,,Supplier SKU: PRO-2041,system,2026-04-20
281,92,PO-2026-0092,2071,Baking Pan,Kitchen,232,,23.09,5356.88,Pending,2026-05-01,,Supplier SKU: PRO-2071,system,2026-04-20
282,92,PO-2026-0092,2121,Bamboo Cutting Board Set,Kitchen,91,,31.18,2837.38,Pending,2026-05-01,,Supplier SKU: PRO-2121,system,2026-04-20
283,92,PO-2026-0092,2091,Spatula,Kitchen,36,,8.02,288.72,Pending,2026-05-01,,Supplier SKU: PRO-2091,system,2026-04-20
284,93,PO-2026-0093,3062,Anti-Fog Ski Goggles,Ski,3,2.0,86.65,259.95,Backordered,2026-02-21,2026-02-23,Supplier SKU: FAB-3062,system,2026-02-04
285,93,PO-2026-0093,3081,All-Temp Ski Wax Kit,Ski,3,3.0,65.83,197.49,Received,2026-02-21,2026-02-23,Supplier SKU: FAB-3081,system,2026-02-04
286,93,PO-2026-0093,3021,Nordic Classic XC Skis - 185cm,Ski,52,52.0,263.35,13694.2,Received,2026-02-21,2026-02-23,Supplier SKU: FAB-3021,system,2026-02-04
287,94,PO-2026-0094,2111,High-Speed Blender,Kitchen,235,235.0,143.0,33605.0,Received,2026-03-08,2026-03-11,Supplier SKU: PRO-2111,system,2026-02-27
288,94,PO-2026-0094,2051,Ice Cream Bowl,Kitchen,3,3.0,18.6,55.8,Received,2026-03-08,2026-03-11,Supplier SKU: PRO-2051,system,2026-02-27
289,95,PO-2026-0095,2022,Fork Set,Kitchen,77,77.0,32.35,2490.95,Received,2026-02-18,2026-03-01,Supplier SKU: PRO-2022,system,2026-02-05
290,95,PO-2026-0095,2091,Spatula,Kitchen,32,32.0,8.02,256.64,Received,2026-02-18,2026-03-01,Supplier SKU: PRO-2091,system,2026-02-05
291,95,PO-2026-0095,2011,Coffee Maker,Kitchen,179,179.0,128.11,22931.69,Received,2026-02-18,2026-03-01,Supplier SKU: PRO-2011,system,2026-02-05
292,96,PO-2026-0096,3081,All-Temp Ski Wax Kit,Ski,5,5.0,65.83,329.15,Received,2026-04-21,2026-04-22,Supplier SKU: FAB-3081,system,2026-04-07
293,96,PO-2026-0096,3062,Anti-Fog Ski Goggles,Ski,4,4.0,86.65,346.6,Received,2026-04-21,2026-04-22,Supplier SKU: FAB-3062,system,2026-04-07
294,96,PO-2026-0096,3021,Nordic Classic XC Skis - 185cm,Ski,58,58.0,263.35,15274.3,Received,2026-04-21,2026-04-22,Supplier SKU: FAB-3021,system,2026-04-07
295,97,PO-2026-0097,3042,Aluminum All-Mountain Poles - 115cm,Ski,6,6.0,60.04,360.24,Received,2026-04-11,2026-04-12,Supplier SKU: ALP-3042,system,2026-03-30
296,97,PO-2026-0097,3031,Pro Flex Racing Ski Boots,Ski,109,109.0,479.9,52309.1,Received,2026-04-11,2026-04-12,Supplier SKU: ALP-3031,system,2026-03-30
297,97,PO-2026-0097,3091,Freestyle Snowboard - 155cm,Ski,4,4.0,424.1,1696.4,Received,2026-04-11,2026-04-12,Supplier SKU: ALP-3091,system,2026-03-30
298,97,PO-2026-0097,3101,Winter Boots - Insulated,Ski,4,4.0,100.16,400.64,Received,2026-04-11,2026-04-12,Supplier SKU: ALP-3101,system,2026-03-30
299,98,PO-2026-0098,3062,Anti-Fog Ski Goggles,Ski,5,5.0,86.65,433.25,Received,2026-02-24,2026-02-26,Supplier SKU: FAB-3062,system,2026-02-09
300,98,PO-2026-0098,3021,Nordic Classic XC Skis - 185cm,Ski,58,58.0,263.35,15274.3,Received,2026-02-24,2026-02-26,Supplier SKU: FAB-3021,system,2026-02-09
301,98,PO-2026-0098,3081,All-Temp Ski Wax Kit,Ski,1,0.0,65.83,65.83,Backordered,2026-02-24,2026-02-26,Supplier SKU: FAB-3081,system,2026-02-09
302,99,PO-2026-0099,1581,LED Headlamp - Rechargeable,Camping,2,2.0,55.53,111.06,Received,2026-04-24,2026-04-27,Supplier SKU: CON-1581,system,2026-04-10
303,99,PO-2026-0099,1521,Adventurer Pro Backpack,Camping,3,3.0,114.97,344.91,Received,2026-04-24,2026-04-27,Supplier SKU: CON-1521,system,2026-04-10
304,99,PO-2026-0099,1543,TrekStar Hiking Sandals,Camping,3,3.0,62.07,186.21,Received,2026-04-24,2026-04-27,Supplier SKU: CON-1543,system,2026-04-10
305,99,PO-2026-0099,1512,SkyView 2-Person Tent,Camping,21,21.0,216.49,4546.29,Received,2026-04-24,2026-04-27,Supplier SKU: CON-1512,system,2026-04-10
306,99,PO-2026-0099,1531,Summit Breeze Jacket,Camping,10,10.0,108.88,1088.8,Received,2026-04-24,2026-04-27,Supplier SKU: CON-1531,system,2026-04-10
307,100,PO-2026-0100,1572,MountainDream Sleeping Bag,Camping,155,155.0,223.02,34568.1,Received,2026-04-16,2026-04-18,Supplier SKU: CON-1572,system,2026-04-05
308,100,PO-2026-0100,1551,BaseCamp Folding Table,Camping,124,124.0,71.85,8909.4,Received,2026-04-16,2026-04-18,Supplier SKU: CON-1551,system,2026-04-05
309,100,PO-2026-0100,1553,Adventure Dining Table,Camping,32,32.0,110.31,3529.92,Received,2026-04-16,2026-04-18,Supplier SKU: CON-1553,system,2026-04-05
310,100,PO-2026-0100,1532,TrailBlaze Hiking Pants,Camping,5,5.0,64.18,320.9,Received,2026-04-16,2026-04-18,Supplier SKU: CON-1532,system,2026-04-05
311,101,PO-2026-0101,3092,All-Mountain Snowboard - 158cm,Ski,81,,498.01,40338.81,Pending,2026-05-11,,Supplier SKU: ALP-3092,system,2026-04-28
312,101,PO-2026-0101,3031,Pro Flex Racing Ski Boots,Ski,47,,479.9,22555.3,Pending,2026-05-11,,Supplier SKU: ALP-3031,system,2026-04-28
313,101,PO-2026-0101,3091,Freestyle Snowboard - 155cm,Ski,2,,424.1,848.2,Pending,2026-05-11,,Supplier SKU: ALP-3091,system,2026-04-28
314,101,PO-2026-0101,3022,Backcountry Explorer XC Skis - 190cm,Ski,47,,345.6,16243.2,Pending,2026-05-11,,Supplier SKU: ALP-3022,system,2026-04-28
315,102,PO-2026-0102,1521,Adventurer Pro Backpack,Camping,3,,114.97,344.91,Shipped,2026-05-01,,Supplier SKU: CON-1521,system,2026-04-23
316,103,PO-2026-0103,3081,All-Temp Ski Wax Kit,Ski,1,,65.83,65.83,Shipped,2026-05-05,,Supplier SKU: FAB-3081,system,2026-04-19
317,104,PO-2026-0104,3101,Winter Boots - Insulated,Ski,22,22.0,131.9,2901.8,Received,2026-03-10,2026-03-10,Supplier SKU: WOR-3101,system,2026-02-18
318,105,PO-2026-0105,3081,All-Temp Ski Wax Kit,Ski,1,1.0,65.83,65.83,Received,2026-04-23,2026-04-25,Supplier SKU: FAB-3081,system,2026-04-10
319,105,PO-2026-0105,3062,Anti-Fog Ski Goggles,Ski,2,2.0,86.65,173.3,Received,2026-04-23,2026-04-25,Supplier SKU: FAB-3062,system,2026-04-10
320,105,PO-2026-0105,3021,Nordic Classic XC Skis - 185cm,Ski,159,159.0,263.35,41872.65,Received,2026-04-23,2026-04-25,Supplier SKU: FAB-3021,system,2026-04-10
321,106,PO-2026-0106,2111,High-Speed Blender,Kitchen,15,,164.8,2472.0,Shipped,2026-05-14,,Supplier SKU: WOR-2111,system,2026-04-21
322,107,PO-2026-0107,3081,All-Temp Ski Wax Kit,Ski,3,3.0,65.83,197.49,Received,2026-03-12,2026-03-14,Supplier SKU: FAB-3081,system,2026-02-28
323,107,PO-2026-0107,3021,Nordic Classic XC Skis - 185cm,Ski,85,85.0,263.35,22384.75,Received,2026-03-12,2026-03-14,Supplier SKU: FAB-3021,system,2026-02-28
324,108,PO-2026-0108,3101,Winter Boots - Insulated,Ski,43,40.0,131.9,5671.7,Backordered,2026-03-23,2026-03-25,Supplier SKU: WOR-3101,system,2026-02-25
325,108,PO-2026-0108,3091,Freestyle Snowboard - 155cm,Ski,224,224.0,449.2,100620.8,Received,2026-03-23,2026-03-25,Supplier SKU: WOR-3091,system,2026-02-25
326,108,PO-2026-0108,3071,Ski Boot Bag - Premium,Ski,21,21.0,50.13,1052.73,Received,2026-03-23,2026-03-25,Supplier SKU: WOR-3071,system,2026-02-25
327,108,PO-2026-0108,1563,CompactCook Camping Stove,Camping,3,3.0,63.24,189.72,Received,2026-03-23,2026-03-25,Supplier SKU: WOR-1563,system,2026-02-25
328,108,PO-2026-0108,3011,Alpine Pro Racing Skis - 170cm,Ski,5,5.0,1047.55,5237.75,Received,2026-03-23,2026-03-25,Supplier SKU: WOR-3011,system,2026-02-25
329,109,PO-2026-0109,1553,Adventure Dining Table,Camping,47,47.0,110.31,5184.57,Received,2026-02-20,2026-02-20,Supplier SKU: CON-1553,system,2026-02-11
330,109,PO-2026-0109,1562,PowerBurner Camping Stove,Camping,5,4.0,135.02,675.1,Backordered,2026-02-20,2026-02-20,Supplier SKU: CON-1562,system,2026-02-11
331,109,PO-2026-0109,1512,SkyView 2-Person Tent,Camping,41,41.0,216.49,8876.09,Received,2026-02-20,2026-02-20,Supplier SKU: CON-1512,system,2026-02-11
332,110,PO-2026-0110,3081,All-Temp Ski Wax Kit,Ski,2,2.0,65.83,131.66,Received,2026-03-23,2026-03-26,Supplier SKU: FAB-3081,system,2026-03-11
333,111,PO-2026-0111,1563,CompactCook Camping Stove,Camping,2,2.0,63.24,126.48,Received,2026-04-27,2026-04-30,Supplier SKU: WOR-1563,system,2026-04-02
334,111,PO-2026-0111,3091,Freestyle Snowboard - 155cm,Ski,173,173.0,449.2,77711.6,Received,2026-04-27,2026-04-30,Supplier SKU: WOR-3091,system,2026-04-02
335,111,PO-2026-0111,2121,Bamboo Cutting Board Set,Kitchen,4,4.0,37.42,149.68,Received,2026-04-27,2026-04-30,Supplier SKU: WOR-2121,system,2026-04-02
336,111,PO-2026-0111,1562,PowerBurner Camping Stove,Camping,26,26.0,136.07,3537.82,Received,2026-04-27,2026-04-30,Supplier SKU: WOR-1562,system,2026-04-02
337,111,PO-2026-0111,2111,High-Speed Blender,Kitchen,14,14.0,164.8,2307.2,Received,2026-04-27,2026-04-30,Supplier SKU: WOR-2111,system,2026-04-02
338,112,PO-2026-0112,1523,TrailLite Daypack,Camping,18,,52.89,952.02,Shipped,2026-05-03,,Supplier SKU: CON-1523,system,2026-04-20
339,112,PO-2026-0112,1572,MountainDream Sleeping Bag,Camping,108,,223.02,24086.16,Shipped,2026-05-03,,Supplier SKU: CON-1572,system,2026-04-20
340,113,PO-2026-0113,3091,Freestyle Snowboard - 155cm,Ski,148,148.0,449.2,66481.6,Received,2026-03-07,2026-03-10,Supplier SKU: WOR-3091,system,2026-02-15
341,113,PO-2026-0113,3071,Ski Boot Bag - Premium,Ski,18,15.0,50.13,902.34,Backordered,2026-03-07,2026-03-10,Supplier SKU: WOR-3071,system,2026-02-15
342,114,PO-2026-0114,3011,Alpine Pro Racing Skis - 170cm,Ski,2,2.0,1047.55,2095.1,Received,2026-04-13,2026-04-14,Supplier SKU: WOR-3011,system,2026-03-24
343,115,PO-2026-0115,3021,Nordic Classic XC Skis - 185cm,Ski,85,85.0,233.79,19872.15,Received,2026-03-24,2026-03-27,Supplier SKU: ALP-3021,system,2026-03-09
344,115,PO-2026-0115,3082,Edge Tuning Tool Set,Ski,45,45.0,85.34,3840.3,Received,2026-03-24,2026-03-27,Supplier SKU: ALP-3082,system,2026-03-09
345,115,PO-2026-0115,3071,Ski Boot Bag - Premium,Ski,70,70.0,42.02,2941.4,Received,2026-03-24,2026-03-27,Supplier SKU: ALP-3071,system,2026-03-09
346,115,PO-2026-0115,3103,Snowboard Bindings - Pro,Ski,161,161.0,233.22,37548.42,Received,2026-03-24,2026-03-27,Supplier SKU: ALP-3103,system,2026-03-09
